-- phpMyAdmin SQL Dump
-- version 5.2.1
-- https://www.phpmyadmin.net/
--
-- Host: 127.0.0.1
-- Generation Time: Mar 12, 2026 at 03:55 AM
-- Server version: 10.4.32-MariaDB
-- PHP Version: 8.2.12

SET SQL_MODE = "NO_AUTO_VALUE_ON_ZERO";
START TRANSACTION;
SET time_zone = "+00:00";


/*!40101 SET @OLD_CHARACTER_SET_CLIENT=@@CHARACTER_SET_CLIENT */;
/*!40101 SET @OLD_CHARACTER_SET_RESULTS=@@CHARACTER_SET_RESULTS */;
/*!40101 SET @OLD_COLLATION_CONNECTION=@@COLLATION_CONNECTION */;
/*!40101 SET NAMES utf8mb4 */;

--
-- Database: `interview_practice_db`
--

-- --------------------------------------------------------

--
-- Table structure for table `interview_questions`
--

CREATE TABLE `interview_questions` (
  `id` int(11) NOT NULL,
  `position_id` int(11) DEFAULT NULL,
  `language` enum('English','Myanmar') NOT NULL,
  `question_text` text NOT NULL,
  `difficulty` enum('Easy','Medium','Hard') DEFAULT 'Medium',
  `created_at` timestamp NOT NULL DEFAULT current_timestamp()
) ENGINE=InnoDB DEFAULT CHARSET=utf8mb4 COLLATE=utf8mb4_general_ci;

--
-- Dumping data for table `interview_questions`
--

INSERT INTO `interview_questions` (`id`, `position_id`, `language`, `question_text`, `difficulty`, `created_at`) VALUES
(1, 1, 'English', 'What is Object-Oriented Programming?', 'Easy', '2026-02-10 18:27:03'),
(2, 1, 'English', 'What is the difference between REST and SOAP?', 'Medium', '2026-02-10 18:27:03'),
(3, 1, 'English', 'What is SQL injection and how to prevent it?', 'Hard', '2026-02-10 18:27:03'),
(4, 1, 'English', 'Explain the concept of polymorphism in OOP', 'Medium', '2026-02-10 18:27:03'),
(5, 1, 'English', 'What is a primary key in database?', 'Easy', '2026-02-10 18:27:03'),
(6, 1, 'English', 'What is Git and why is it used?', 'Easy', '2026-02-10 18:27:03'),
(7, 1, 'English', 'What is the difference between stack and heap memory?', 'Hard', '2026-02-10 18:27:03'),
(8, 1, 'English', 'What is Docker container?', 'Medium', '2026-02-10 18:27:03'),
(9, 1, 'English', 'What is MVC architecture?', 'Medium', '2026-02-10 18:27:03'),
(10, 1, 'English', 'What is API and how does it work?', 'Easy', '2026-02-10 18:27:03'),
(11, 1, 'English', 'What is the difference between SQL and NoSQL?', 'Medium', '2026-02-10 18:27:03'),
(12, 1, 'English', 'What is unit testing?', 'Easy', '2026-02-10 18:27:03'),
(13, 1, 'English', 'Explain the concept of microservices', 'Hard', '2026-02-10 18:27:03'),
(14, 1, 'English', 'What is CI/CD?', 'Medium', '2026-02-10 18:27:03'),
(15, 1, 'English', 'What is the purpose of index in database?', 'Medium', '2026-02-10 18:27:03'),
(16, 1, 'English', 'What is the difference between HTTP and HTTPS?', 'Easy', '2026-02-10 18:27:03'),
(17, 1, 'English', 'What is the role of load balancer?', 'Hard', '2026-02-10 18:27:03'),
(18, 1, 'English', 'What is the difference between authentication and authorization?', 'Medium', '2026-02-10 18:27:03'),
(19, 1, 'English', 'What is responsive web design?', 'Easy', '2026-02-10 18:27:03'),
(20, 1, 'English', 'What is the purpose of dependency injection?', 'Hard', '2026-02-10 18:27:03'),
(21, 1, 'Myanmar', 'Object-Oriented Programming ဆိုတာဘာလဲ?', 'Easy', '2026-02-10 18:27:03'),
(22, 1, 'Myanmar', 'REST နဲ့ SOAP ဘာကွာလဲ?', 'Medium', '2026-02-10 18:27:03'),
(23, 1, 'Myanmar', 'SQL injection ဆိုတာဘာလဲ၊ ဘယ်လိုကာကွယ်မလဲ?', 'Hard', '2026-02-10 18:27:03'),
(24, 1, 'Myanmar', 'OOP မှာ polymorphism ဆိုတာဘာလဲ?', 'Medium', '2026-02-10 18:27:03'),
(25, 1, 'Myanmar', 'Database မှာ primary key ဆိုတာဘာလဲ?', 'Easy', '2026-02-10 18:27:03'),
(26, 1, 'Myanmar', 'Git ဆိုတာဘာလဲ၊ ဘာလို့သုံးတာလဲ?', 'Easy', '2026-02-10 18:27:03'),
(27, 1, 'Myanmar', 'Stack memory နဲ့ heap memory ဘာကွာလဲ?', 'Hard', '2026-02-10 18:27:03'),
(28, 1, 'Myanmar', 'Docker container ဆိုတာဘာလဲ?', 'Medium', '2026-02-10 18:27:03'),
(29, 1, 'Myanmar', 'MVC architecture ဆိုတာဘာလဲ?', 'Medium', '2026-02-10 18:27:03'),
(30, 1, 'Myanmar', 'API ဆိုတာဘာလဲ၊ ဘယ်လိုအလုပ်လုပ်လဲ?', 'Easy', '2026-02-10 18:27:03'),
(31, 1, 'Myanmar', 'SQL နဲ့ NoSQL ဘာကွာလဲ?', 'Medium', '2026-02-10 18:27:03'),
(32, 1, 'Myanmar', 'Unit testing ဆိုတာဘာလဲ?', 'Easy', '2026-02-10 18:27:03'),
(33, 1, 'Myanmar', 'Microservices ဆိုတာဘာလဲရှင်းပြပါ?', 'Hard', '2026-02-10 18:27:03'),
(34, 1, 'Myanmar', 'CI/CD ဆိုတာဘာလဲ?', 'Medium', '2026-02-10 18:27:03'),
(35, 1, 'Myanmar', 'Database မှာ index ရဲ့ရည်ရွယ်ချက်ကဘာလဲ?', 'Medium', '2026-02-10 18:27:03'),
(36, 1, 'Myanmar', 'HTTP နဲ့ HTTPS ဘာကွာလဲ?', 'Easy', '2026-02-10 18:27:03'),
(37, 1, 'Myanmar', 'Load balancer ရဲ့အခန်းကဏ္ဍကဘာလဲ?', 'Hard', '2026-02-10 18:27:03'),
(38, 1, 'Myanmar', 'Authentication နဲ့ authorization ဘာကွာလဲ?', 'Medium', '2026-02-10 18:27:03'),
(39, 1, 'Myanmar', 'Responsive web design ဆိုတာဘာလဲ?', 'Easy', '2026-02-10 18:27:03'),
(40, 1, 'Myanmar', 'Dependency injection ရဲ့ရည်ရွယ်ချက်ကဘာလဲ?', 'Hard', '2026-02-10 18:27:03'),
(41, 2, 'English', 'What is the difference between supervised and unsupervised learning?', 'Medium', '2026-02-10 18:38:27'),
(42, 2, 'English', 'What is SQL used for in data analysis?', 'Easy', '2026-02-10 18:38:27'),
(43, 2, 'English', 'What is a p-value in statistics?', 'Hard', '2026-02-10 18:38:27'),
(44, 2, 'English', 'What are the steps in data cleaning process?', 'Medium', '2026-02-10 18:38:27'),
(45, 2, 'English', 'What is data visualization and why is it important?', 'Easy', '2026-02-10 18:38:27'),
(46, 2, 'English', 'What is the difference between classification and regression?', 'Medium', '2026-02-10 18:38:27'),
(47, 2, 'English', 'What is correlation and causation?', 'Medium', '2026-02-10 18:38:27'),
(48, 2, 'English', 'What is overfitting in machine learning?', 'Hard', '2026-02-10 18:38:27'),
(49, 2, 'English', 'What is the purpose of normalization in data preprocessing?', 'Medium', '2026-02-10 18:38:27'),
(50, 2, 'English', 'What is a decision tree algorithm?', 'Medium', '2026-02-10 18:38:27'),
(51, 2, 'English', 'What is the difference between precision and recall?', 'Hard', '2026-02-10 18:38:27'),
(52, 2, 'English', 'What is feature engineering?', 'Medium', '2026-02-10 18:38:27'),
(53, 2, 'English', 'What is cross-validation?', 'Medium', '2026-02-10 18:38:27'),
(54, 2, 'English', 'What is the difference between batch gradient descent and stochastic gradient descent?', 'Hard', '2026-02-10 18:38:27'),
(55, 2, 'English', 'What is dimensionality reduction?', 'Medium', '2026-02-10 18:38:27'),
(56, 2, 'English', 'What is a confusion matrix?', 'Medium', '2026-02-10 18:38:27'),
(57, 2, 'English', 'What is time series analysis?', 'Hard', '2026-02-10 18:38:27'),
(58, 2, 'English', 'What is the difference between data mining and data analysis?', 'Easy', '2026-02-10 18:38:27'),
(59, 2, 'English', 'What is outlier detection?', 'Medium', '2026-02-10 18:38:27'),
(60, 2, 'English', 'What is the importance of data quality?', 'Easy', '2026-02-10 18:38:27'),
(61, 2, 'Myanmar', 'Supervised နဲ့ unsupervised learning ဘာကွာလဲ?', 'Medium', '2026-02-10 18:38:27'),
(62, 2, 'Myanmar', 'Data analysis မှာ SQL ကိုဘာအတွက်သုံးလဲ?', 'Easy', '2026-02-10 18:38:27'),
(63, 2, 'Myanmar', 'Statistics မှာ p-value ဆိုတာဘာလဲ?', 'Hard', '2026-02-10 18:38:27'),
(64, 2, 'Myanmar', 'Data cleaning process မှာအဆင့်တွေကဘာတွေလဲ?', 'Medium', '2026-02-10 18:38:27'),
(65, 2, 'Myanmar', 'Data visualization ဆိုတာဘာလဲ၊ ဘာလို့အရေးကြီးလဲ?', 'Easy', '2026-02-10 18:38:27'),
(66, 2, 'Myanmar', 'Classification နဲ့ regression ဘာကွာလဲ?', 'Medium', '2026-02-10 18:38:27'),
(67, 2, 'Myanmar', 'Correlation နဲ့ causation ဘာကွာလဲ?', 'Medium', '2026-02-10 18:38:27'),
(68, 2, 'Myanmar', 'Machine learning မှာ overfitting ဆိုတာဘာလဲ?', 'Hard', '2026-02-10 18:38:27'),
(69, 2, 'Myanmar', 'Data preprocessing မှာ normalization ရဲ့ရည်ရွယ်ချက်ကဘာလဲ?', 'Medium', '2026-02-10 18:38:27'),
(70, 2, 'Myanmar', 'Decision tree algorithm ဆိုတာဘာလဲ?', 'Medium', '2026-02-10 18:38:27'),
(71, 2, 'Myanmar', 'Precision နဲ့ recall ဘာကွာလဲ?', 'Hard', '2026-02-10 18:38:27'),
(72, 2, 'Myanmar', 'Feature engineering ဆိုတာဘာလဲ?', 'Medium', '2026-02-10 18:38:27'),
(73, 2, 'Myanmar', 'Cross-validation ဆိုတာဘာလဲ?', 'Medium', '2026-02-10 18:38:27'),
(74, 2, 'Myanmar', 'Batch gradient descent နဲ့ stochastic gradient descent ဘာကွာလဲ?', 'Hard', '2026-02-10 18:38:27'),
(75, 2, 'Myanmar', 'Dimensionality reduction ဆိုတာဘာလဲ?', 'Medium', '2026-02-10 18:38:27'),
(76, 2, 'Myanmar', 'Confusion matrix ဆိုတာဘာလဲ?', 'Medium', '2026-02-10 18:38:27'),
(77, 2, 'Myanmar', 'Time series analysis ဆိုတာဘာလဲ?', 'Hard', '2026-02-10 18:38:27'),
(78, 2, 'Myanmar', 'Data mining နဲ့ data analysis ဘာကွာလဲ?', 'Easy', '2026-02-10 18:38:27'),
(79, 2, 'Myanmar', 'Outlier detection ဆိုတာဘာလဲ?', 'Medium', '2026-02-10 18:38:27'),
(80, 2, 'Myanmar', 'Data quality ရဲ့အရေးကြီးပုံကဘာလဲ?', 'Easy', '2026-02-10 18:38:27'),
(81, 3, 'English', 'What is the difference between Agile and Waterfall methodologies?', 'Medium', '2026-02-14 14:07:16'),
(82, 3, 'English', 'What is a Gantt chart used for?', 'Easy', '2026-02-14 14:07:16'),
(83, 3, 'English', 'What is the purpose of a Work Breakdown Structure (WBS)?', 'Medium', '2026-02-14 14:07:16'),
(84, 3, 'English', 'What does a critical path represent in project management?', 'Hard', '2026-02-14 14:07:16'),
(85, 3, 'English', 'What is a RAID log in project management?', 'Medium', '2026-02-14 14:07:17'),
(86, 3, 'English', 'What is the role of a project sponsor?', 'Easy', '2026-02-14 14:07:17'),
(87, 3, 'English', 'What is a milestone in project management?', 'Easy', '2026-02-14 14:07:17'),
(88, 3, 'English', 'What is the difference between a project and a program?', 'Medium', '2026-02-14 14:07:17'),
(89, 3, 'English', 'What is the purpose of a project charter?', 'Medium', '2026-02-14 14:07:17'),
(90, 3, 'English', 'What is scope creep?', 'Easy', '2026-02-14 14:07:17'),
(91, 3, 'English', 'What is a stakeholder analysis?', 'Medium', '2026-02-14 14:07:17'),
(92, 3, 'English', 'What is a risk mitigation strategy?', 'Hard', '2026-02-14 14:07:17'),
(93, 3, 'English', 'What is the difference between qualitative and quantitative risk analysis?', 'Hard', '2026-02-14 14:07:17'),
(94, 3, 'English', 'What is a Kanban board?', 'Easy', '2026-02-14 14:07:17'),
(95, 3, 'English', 'What is a sprint in Scrum?', 'Easy', '2026-02-14 14:07:17'),
(96, 3, 'English', 'What is a burndown chart?', 'Medium', '2026-02-14 14:07:17'),
(97, 3, 'English', 'What is the project management triangle?', 'Medium', '2026-02-14 14:07:17'),
(98, 3, 'English', 'What is a change control board (CCB)?', 'Hard', '2026-02-14 14:07:17'),
(99, 3, 'English', 'What is a project management office (PMO)?', 'Medium', '2026-02-14 14:07:17'),
(100, 3, 'English', 'What is a project post-mortem?', 'Easy', '2026-02-14 14:07:17'),
(101, 3, 'Myanmar', 'Agile နဲ့ Waterfall methodology တို့ရဲ့ ကွာခြားချက်ကဘာလဲ။', 'Medium', '2026-02-14 14:07:17'),
(102, 3, 'Myanmar', 'Gantt chart ကိုဘာအတွက်သုံးသလဲ။', 'Easy', '2026-02-14 14:07:17'),
(103, 3, 'Myanmar', 'Work Breakdown Structure (WBS) ရဲ့ရည်ရွယ်ချက်ကဘာလဲ။', 'Medium', '2026-02-14 14:07:17'),
(104, 3, 'Myanmar', 'Critical path ဆိုတာဘာကိုကိုယ်စားပြုသလဲ။', 'Hard', '2026-02-14 14:07:17'),
(105, 3, 'Myanmar', 'RAID log ဆိုတာဘာလဲ။', 'Medium', '2026-02-14 14:07:17'),
(106, 3, 'Myanmar', 'Project sponsor ရဲ့အခန်းကဏ္ဍကဘာလဲ။', 'Easy', '2026-02-14 14:07:17'),
(107, 3, 'Myanmar', 'Milestone ဆိုတာဘာလဲ။', 'Easy', '2026-02-14 14:07:17'),
(108, 3, 'Myanmar', 'Project နဲ့ program ဘာကွာလဲ။', 'Medium', '2026-02-14 14:07:17'),
(109, 3, 'Myanmar', 'Project charter ရဲ့ရည်ရွယ်ချက်ကဘာလဲ။', 'Medium', '2026-02-14 14:07:17'),
(110, 3, 'Myanmar', 'Scope creep ဆိုတာဘာလဲ။', 'Easy', '2026-02-14 14:07:17'),
(111, 3, 'Myanmar', 'Stakeholder analysis ဆိုတာဘာလဲ။', 'Medium', '2026-02-14 14:07:17'),
(112, 3, 'Myanmar', 'Risk mitigation strategy ဆိုတာဘာလဲ။', 'Hard', '2026-02-14 14:07:17'),
(113, 3, 'Myanmar', 'Qualitative နဲ့ quantitative risk analysis ဘာကွာလဲ။', 'Hard', '2026-02-14 14:07:17'),
(114, 3, 'Myanmar', 'Kanban board ဆိုတာဘာလဲ။', 'Easy', '2026-02-14 14:07:17'),
(115, 3, 'Myanmar', 'Scrum မှာ sprint ဆိုတာဘာလဲ။', 'Easy', '2026-02-14 14:07:17'),
(116, 3, 'Myanmar', 'Burndown chart ဆိုတာဘာလဲ။', 'Medium', '2026-02-14 14:07:17'),
(117, 3, 'Myanmar', 'Project management triangle ဆိုတာဘာလဲ။', 'Medium', '2026-02-14 14:07:17'),
(118, 3, 'Myanmar', 'Change control board (CCB) ဆိုတာဘာလဲ။', 'Hard', '2026-02-14 14:07:17'),
(119, 3, 'Myanmar', 'Project management office (PMO) ဆိုတာဘာလဲ။', 'Medium', '2026-02-14 14:07:17'),
(120, 3, 'Myanmar', 'Project post-mortem ဆိုတာဘာလဲ။', 'Easy', '2026-02-14 14:07:17'),
(121, 4, 'English', 'What is the difference between UI and UX?', 'Easy', '2026-02-14 14:07:17'),
(122, 4, 'English', 'What is a user persona?', 'Medium', '2026-02-14 14:07:17'),
(123, 4, 'English', 'What is wireframing?', 'Easy', '2026-02-14 14:07:17'),
(124, 4, 'English', 'What is usability testing?', 'Medium', '2026-02-14 14:07:17'),
(125, 4, 'English', 'What is a prototype in UX?', 'Easy', '2026-02-14 14:07:17'),
(126, 4, 'English', 'What is information architecture?', 'Hard', '2026-02-14 14:07:17'),
(127, 4, 'English', 'What is a heuristic evaluation?', 'Hard', '2026-02-14 14:07:17'),
(128, 4, 'English', 'What is the importance of accessibility in UX?', 'Medium', '2026-02-14 14:07:17'),
(129, 4, 'English', 'What is a user journey map?', 'Medium', '2026-02-14 14:07:17'),
(130, 4, 'English', 'What is A/B testing in UX?', 'Medium', '2026-02-14 14:07:17'),
(131, 4, 'English', 'What is the difference between low-fidelity and high-fidelity prototypes?', 'Medium', '2026-02-14 14:07:17'),
(132, 4, 'English', 'What is a card sorting exercise?', 'Hard', '2026-02-14 14:07:17'),
(133, 4, 'English', 'What is the role of empathy in UX design?', 'Easy', '2026-02-14 14:07:17'),
(134, 4, 'English', 'What is a design system?', 'Medium', '2026-02-14 14:07:17'),
(135, 4, 'English', 'What is the \"fold\" in web design?', 'Easy', '2026-02-14 14:07:17'),
(136, 4, 'English', 'What is visual hierarchy?', 'Medium', '2026-02-14 14:07:17'),
(137, 4, 'English', 'What is color contrast in UX?', 'Easy', '2026-02-14 14:07:17'),
(138, 4, 'English', 'What is a call-to-action (CTA)?', 'Easy', '2026-02-14 14:07:17'),
(139, 4, 'English', 'What is the purpose of white space in design?', 'Medium', '2026-02-14 14:07:17'),
(140, 4, 'English', 'What is responsive design?', 'Easy', '2026-02-14 14:07:17'),
(141, 4, 'Myanmar', 'UI နဲ့ UX ဘာကွာလဲ။', 'Easy', '2026-02-14 14:07:17'),
(142, 4, 'Myanmar', 'User persona ဆိုတာဘာလဲ။', 'Medium', '2026-02-14 14:07:17'),
(143, 4, 'Myanmar', 'Wireframing ဆိုတာဘာလဲ။', 'Easy', '2026-02-14 14:07:17'),
(144, 4, 'Myanmar', 'Usability testing ဆိုတာဘာလဲ။', 'Medium', '2026-02-14 14:07:17'),
(145, 4, 'Myanmar', 'UX မှာ prototype ဆိုတာဘာလဲ။', 'Easy', '2026-02-14 14:07:17'),
(146, 4, 'Myanmar', 'Information architecture ဆိုတာဘာလဲ။', 'Hard', '2026-02-14 14:07:17'),
(147, 4, 'Myanmar', 'Heuristic evaluation ဆိုတာဘာလဲ။', 'Hard', '2026-02-14 14:07:17'),
(148, 4, 'Myanmar', 'UX မှာ accessibility ရဲ့အရေးပါမှုကဘာလဲ။', 'Medium', '2026-02-14 14:07:17'),
(149, 4, 'Myanmar', 'User journey map ဆိုတာဘာလဲ။', 'Medium', '2026-02-14 14:07:17'),
(150, 4, 'Myanmar', 'UX မှာ A/B testing ဆိုတာဘာလဲ။', 'Medium', '2026-02-14 14:07:17'),
(151, 4, 'Myanmar', 'Low-fidelity နဲ့ high-fidelity prototypes ဘာကွာလဲ။', 'Medium', '2026-02-14 14:07:17'),
(152, 4, 'Myanmar', 'Card sorting exercise ဆိုတာဘာလဲ။', 'Hard', '2026-02-14 14:07:17'),
(153, 4, 'Myanmar', 'UX ဒီဇိုင်းမှာ empathy ရဲ့အခန်းကဏ္ဍကဘာလဲ။', 'Easy', '2026-02-14 14:07:17'),
(154, 4, 'Myanmar', 'Design system ဆိုတာဘာလဲ။', 'Medium', '2026-02-14 14:07:17'),
(155, 4, 'Myanmar', 'ဝဘ်ဒီဇိုင်းမှာ \"fold\" ဆိုတာဘာလဲ။', 'Easy', '2026-02-14 14:07:17'),
(156, 4, 'Myanmar', 'Visual hierarchy ဆိုတာဘာလဲ။', 'Medium', '2026-02-14 14:07:17'),
(157, 4, 'Myanmar', 'UX မှာ color contrast ဆိုတာဘာလဲ။', 'Easy', '2026-02-14 14:07:17'),
(158, 4, 'Myanmar', 'Call-to-action (CTA) ဆိုတာဘာလဲ။', 'Easy', '2026-02-14 14:07:17'),
(159, 4, 'Myanmar', 'ဒီဇိုင်းမှာ white space ရဲ့ရည်ရွယ်ချက်ကဘာလဲ။', 'Medium', '2026-02-14 14:07:17'),
(160, 4, 'Myanmar', 'Responsive design ဆိုတာဘာလဲ။', 'Easy', '2026-02-14 14:07:17'),
(161, 5, 'English', 'What is the difference between SEO and SEM?', 'Medium', '2026-02-14 14:07:17'),
(162, 5, 'English', 'What is content marketing?', 'Easy', '2026-02-14 14:07:17'),
(163, 5, 'English', 'What is a marketing funnel?', 'Medium', '2026-02-14 14:07:17'),
(164, 5, 'English', 'What is social media marketing?', 'Easy', '2026-02-14 14:07:17'),
(165, 5, 'English', 'What is email marketing best practice?', 'Medium', '2026-02-14 14:07:17'),
(166, 5, 'English', 'What is a call-to-action (CTA) in marketing?', 'Easy', '2026-02-14 14:07:17'),
(167, 5, 'English', 'What is market segmentation?', 'Medium', '2026-02-14 14:07:17'),
(168, 5, 'English', 'What is a SWOT analysis in marketing?', 'Hard', '2026-02-14 14:07:17'),
(169, 5, 'English', 'What is the difference between B2B and B2C marketing?', 'Medium', '2026-02-14 14:07:17'),
(170, 5, 'English', 'What is influencer marketing?', 'Easy', '2026-02-14 14:07:17'),
(171, 5, 'English', 'What is a landing page?', 'Easy', '2026-02-14 14:07:17'),
(172, 5, 'English', 'What is conversion rate optimization (CRO)?', 'Hard', '2026-02-14 14:07:17'),
(173, 5, 'English', 'What is Google Analytics used for?', 'Medium', '2026-02-14 14:07:17'),
(174, 5, 'English', 'What is a buyer persona?', 'Medium', '2026-02-14 14:07:17'),
(175, 5, 'English', 'What is the AIDA model in marketing?', 'Hard', '2026-02-14 14:07:17'),
(176, 5, 'English', 'What is brand awareness?', 'Easy', '2026-02-14 14:07:17'),
(177, 5, 'English', 'What is pay-per-click (PPC) advertising?', 'Medium', '2026-02-14 14:07:17'),
(178, 5, 'English', 'What is a marketing campaign?', 'Easy', '2026-02-14 14:07:17'),
(179, 5, 'English', 'What is the purpose of A/B testing in marketing?', 'Hard', '2026-02-14 14:07:17'),
(180, 5, 'English', 'What is viral marketing?', 'Medium', '2026-02-14 14:07:17'),
(181, 5, 'Myanmar', 'SEO နဲ့ SEM ဘာကွာလဲ။', 'Medium', '2026-02-14 14:07:17'),
(182, 5, 'Myanmar', 'Content marketing ဆိုတာဘာလဲ။', 'Easy', '2026-02-14 14:07:17'),
(183, 5, 'Myanmar', 'Marketing funnel ဆိုတာဘာလဲ။', 'Medium', '2026-02-14 14:07:17'),
(184, 5, 'Myanmar', 'Social media marketing ဆိုတာဘာလဲ။', 'Easy', '2026-02-14 14:07:17'),
(185, 5, 'Myanmar', 'Email marketing အတွက် အကောင်းဆုံးအလေ့အကျင့်ကဘာလဲ။', 'Medium', '2026-02-14 14:07:17'),
(186, 5, 'Myanmar', 'Marketing မှာ call-to-action (CTA) ဆိုတာဘာလဲ။', 'Easy', '2026-02-14 14:07:17'),
(187, 5, 'Myanmar', 'Market segmentation ဆိုတာဘာလဲ။', 'Medium', '2026-02-14 14:07:17'),
(188, 5, 'Myanmar', 'Marketing မှာ SWOT analysis ဆိုတာဘာလဲ။', 'Hard', '2026-02-14 14:07:17'),
(189, 5, 'Myanmar', 'B2B နဲ့ B2C marketing ဘာကွာလဲ။', 'Medium', '2026-02-14 14:07:17'),
(190, 5, 'Myanmar', 'Influencer marketing ဆိုတာဘာလဲ။', 'Easy', '2026-02-14 14:07:17'),
(191, 5, 'Myanmar', 'Landing page ဆိုတာဘာလဲ။', 'Easy', '2026-02-14 14:07:17'),
(192, 5, 'Myanmar', 'Conversion rate optimization (CRO) ဆိုတာဘာလဲ။', 'Hard', '2026-02-14 14:07:17'),
(193, 5, 'Myanmar', 'Google Analytics ကိုဘာအတွက်သုံးသလဲ။', 'Medium', '2026-02-14 14:07:17'),
(194, 5, 'Myanmar', 'Buyer persona ဆိုတာဘာလဲ။', 'Medium', '2026-02-14 14:07:17'),
(195, 5, 'Myanmar', 'Marketing မှာ AIDA model ဆိုတာဘာလဲ။', 'Hard', '2026-02-14 14:07:17'),
(196, 5, 'Myanmar', 'Brand awareness ဆိုတာဘာလဲ။', 'Easy', '2026-02-14 14:07:17'),
(197, 5, 'Myanmar', 'Pay-per-click (PPC) ကြော်ငြာဆိုတာဘာလဲ။', 'Medium', '2026-02-14 14:07:17'),
(198, 5, 'Myanmar', 'Marketing campaign ဆိုတာဘာလဲ။', 'Easy', '2026-02-14 14:07:17'),
(199, 5, 'Myanmar', 'Marketing မှာ A/B testing ရဲ့ရည်ရွယ်ချက်ကဘာလဲ။', 'Hard', '2026-02-14 14:07:17'),
(200, 5, 'Myanmar', 'Viral marketing ဆိုတာဘာလဲ။', 'Medium', '2026-02-14 14:07:17'),
(201, 6, 'English', 'What is the sales funnel?', 'Easy', '2026-02-14 14:13:56'),
(202, 6, 'English', 'How do you handle customer objections?', 'Medium', '2026-02-14 14:13:56'),
(203, 6, 'English', 'What is CRM software used for?', 'Easy', '2026-02-14 14:13:56'),
(204, 6, 'English', 'What are the key skills for a sales executive?', 'Hard', '2026-02-14 14:13:56'),
(205, 6, 'English', 'How do you build customer relationships?', 'Medium', '2026-02-14 14:13:56'),
(206, 6, 'English', 'What is a lead in sales?', 'Easy', '2026-02-14 14:13:56'),
(207, 6, 'English', 'What is the difference between a warm lead and a cold lead?', 'Medium', '2026-02-14 14:13:56'),
(208, 6, 'English', 'What is the SPIN selling technique?', 'Hard', '2026-02-14 14:13:56'),
(209, 6, 'English', 'What is a sales pitch?', 'Easy', '2026-02-14 14:13:56'),
(210, 6, 'English', 'How do you close a sale?', 'Medium', '2026-02-14 14:13:56'),
(211, 6, 'English', 'What is upselling?', 'Easy', '2026-02-14 14:13:56'),
(212, 6, 'English', 'What is cross-selling?', 'Easy', '2026-02-14 14:13:56'),
(213, 6, 'English', 'What is a sales target?', 'Easy', '2026-02-14 14:13:56'),
(214, 6, 'English', 'What is the importance of product knowledge in sales?', 'Medium', '2026-02-14 14:13:56'),
(215, 6, 'English', 'What is a sales quota?', 'Medium', '2026-02-14 14:13:56'),
(216, 6, 'English', 'How do you handle a rejection?', 'Hard', '2026-02-14 14:13:56'),
(217, 6, 'English', 'What is a sales pipeline?', 'Medium', '2026-02-14 14:13:56'),
(218, 6, 'English', 'What is the difference between B2B and B2C sales?', 'Medium', '2026-02-14 14:13:56'),
(219, 6, 'English', 'What is consultative selling?', 'Hard', '2026-02-14 14:13:56'),
(220, 6, 'English', 'How do you prioritize prospects?', 'Hard', '2026-02-14 14:13:56'),
(221, 6, 'Myanmar', 'Sales funnel ဆိုတာဘာလဲ။', 'Easy', '2026-02-14 14:13:56'),
(222, 6, 'Myanmar', 'ဖောက်သည်ကန့်ကွက်မှုများကိုဘယ်လိုကိုင်တွယ်မလဲ။', 'Medium', '2026-02-14 14:13:56'),
(223, 6, 'Myanmar', 'CRM software ကိုဘာအတွက်သုံးသလဲ။', 'Easy', '2026-02-14 14:13:56'),
(224, 6, 'Myanmar', 'အရောင်းကိုယ်စားလှယ်တစ်ဦးအတွက် အဓိကကျွမ်းကျင်မှုများကားအဘယ်နည်း။', 'Hard', '2026-02-14 14:13:56'),
(225, 6, 'Myanmar', 'ဖောက်သည်ဆက်ဆံရေးကိုဘယ်လိုတည်ဆောက်မလဲ။', 'Medium', '2026-02-14 14:13:56'),
(226, 6, 'Myanmar', 'အရောင်းမှာ lead ဆိုတာဘာလဲ။', 'Easy', '2026-02-14 14:13:56'),
(227, 6, 'Myanmar', 'Warm lead နဲ့ cold lead ဘာကွာလဲ။', 'Medium', '2026-02-14 14:13:56'),
(228, 6, 'Myanmar', 'SPIN ရောင်းချနည်းစနစ်ဆိုတာဘာလဲ။', 'Hard', '2026-02-14 14:13:56'),
(229, 6, 'Myanmar', 'Sales pitch ဆိုတာဘာလဲ။', 'Easy', '2026-02-14 14:13:56'),
(230, 6, 'Myanmar', 'အရောင်းကိုဘယ်လိုပိတ်မလဲ။', 'Medium', '2026-02-14 14:13:56'),
(231, 6, 'Myanmar', 'Upselling ဆိုတာဘာလဲ။', 'Easy', '2026-02-14 14:13:56'),
(232, 6, 'Myanmar', 'Cross-selling ဆိုတာဘာလဲ။', 'Easy', '2026-02-14 14:13:56'),
(233, 6, 'Myanmar', 'Sales target ဆိုတာဘာလဲ။', 'Easy', '2026-02-14 14:13:56'),
(234, 6, 'Myanmar', 'အရောင်းမှာထုတ်ကုန်အသိပညာ၏အရေးပါမှုကဘာလဲ။', 'Medium', '2026-02-14 14:13:56'),
(235, 6, 'Myanmar', 'Sales quota ဆိုတာဘာလဲ။', 'Medium', '2026-02-14 14:13:56'),
(236, 6, 'Myanmar', 'ငြင်းပယ်ခံရခြင်းကိုဘယ်လိုကိုင်တွယ်မလဲ။', 'Hard', '2026-02-14 14:13:56'),
(237, 6, 'Myanmar', 'Sales pipeline ဆိုတာဘာလဲ။', 'Medium', '2026-02-14 14:13:56'),
(238, 6, 'Myanmar', 'B2B နဲ့ B2C အရောင်းဘာကွာလဲ။', 'Medium', '2026-02-14 14:13:56'),
(239, 6, 'Myanmar', 'Consultative selling ဆိုတာဘာလဲ။', 'Hard', '2026-02-14 14:13:56'),
(240, 6, 'Myanmar', 'အလားအလာရှိသူများကိုဘယ်လိုဦးစားပေးမလဲ။', 'Hard', '2026-02-14 14:13:56'),
(241, 7, 'English', 'What is the recruitment process?', 'Easy', '2026-02-14 14:13:56'),
(242, 7, 'English', 'What are the types of employee interviews?', 'Medium', '2026-02-14 14:13:56'),
(243, 7, 'English', 'What is performance appraisal?', 'Hard', '2026-02-14 14:13:56'),
(244, 7, 'English', 'What is employee onboarding?', 'Easy', '2026-02-14 14:13:56'),
(245, 7, 'English', 'What is workplace diversity and inclusion?', 'Medium', '2026-02-14 14:13:56'),
(246, 7, 'English', 'What is an HR information system (HRIS)?', 'Medium', '2026-02-14 14:13:56'),
(247, 7, 'English', 'What is the purpose of a job description?', 'Easy', '2026-02-14 14:13:56'),
(248, 7, 'English', 'What is employee engagement?', 'Medium', '2026-02-14 14:13:56'),
(249, 7, 'English', 'What is the difference between training and development?', 'Hard', '2026-02-14 14:13:56'),
(250, 7, 'English', 'What is a 360-degree feedback?', 'Hard', '2026-02-14 14:13:56'),
(251, 7, 'English', 'What is talent management?', 'Medium', '2026-02-14 14:13:56'),
(252, 7, 'English', 'What is the role of HR in compliance?', 'Hard', '2026-02-14 14:13:56'),
(253, 7, 'English', 'What is a performance improvement plan (PIP)?', 'Medium', '2026-02-14 14:13:56'),
(254, 7, 'English', 'What is employee turnover?', 'Easy', '2026-02-14 14:13:56'),
(255, 7, 'English', 'What is a stay interview?', 'Hard', '2026-02-14 14:13:56'),
(256, 7, 'English', 'What is the difference between HR and personnel management?', 'Hard', '2026-02-14 14:13:56'),
(257, 7, 'English', 'What is a job evaluation?', 'Medium', '2026-02-14 14:13:56'),
(258, 7, 'English', 'What is the purpose of an exit interview?', 'Easy', '2026-02-14 14:13:56'),
(259, 7, 'English', 'What is a competency framework?', 'Hard', '2026-02-14 14:13:56'),
(260, 7, 'English', 'What is HR analytics?', 'Medium', '2026-02-14 14:13:56'),
(261, 7, 'Myanmar', 'လူသစ်ငှားရမ်းခြင်းလုပ်ငန်းစဉ်ဆိုတာဘာလဲ။', 'Easy', '2026-02-14 14:13:56'),
(262, 7, 'Myanmar', 'ဝန်ထမ်းအင်တာဗျူးအမျိုးအစားများကဘာတွေလဲ။', 'Medium', '2026-02-14 14:13:56'),
(263, 7, 'Myanmar', 'စွမ်းဆောင်ရည်အကဲဖြတ်ခြင်းဆိုတာဘာလဲ။', 'Hard', '2026-02-14 14:13:56'),
(264, 7, 'Myanmar', 'Employee onboarding ဆိုတာဘာလဲ။', 'Easy', '2026-02-14 14:13:56'),
(265, 7, 'Myanmar', 'လုပ်ငန်းခွင်မတူကွဲပြားမှုနှင့်ပါဝင်မှုဆိုတာဘာလဲ။', 'Medium', '2026-02-14 14:13:56'),
(266, 7, 'Myanmar', 'HRIS ဆိုတာဘာလဲ။', 'Medium', '2026-02-14 14:13:56'),
(267, 7, 'Myanmar', 'အလုပ်ဖော်ပြချက်ရဲ့ရည်ရွယ်ချက်ကဘာလဲ။', 'Easy', '2026-02-14 14:13:56'),
(268, 7, 'Myanmar', 'Employee engagement ဆိုတာဘာလဲ။', 'Medium', '2026-02-14 14:13:56'),
(269, 7, 'Myanmar', 'Training နဲ့ development ဘာကွာလဲ။', 'Hard', '2026-02-14 14:13:56'),
(270, 7, 'Myanmar', '360-degree feedback ဆိုတာဘာလဲ။', 'Hard', '2026-02-14 14:13:56'),
(271, 7, 'Myanmar', 'Talent management ဆိုတာဘာလဲ။', 'Medium', '2026-02-14 14:13:56'),
(272, 7, 'Myanmar', 'လိုက်နာမှုတွင် HR ၏အခန်းကဏ္ဍကဘာလဲ။', 'Hard', '2026-02-14 14:13:56'),
(273, 7, 'Myanmar', 'Performance improvement plan (PIP) ဆိုတာဘာလဲ။', 'Medium', '2026-02-14 14:13:56'),
(274, 7, 'Myanmar', 'Employee turnover ဆိုတာဘာလဲ။', 'Easy', '2026-02-14 14:13:56'),
(275, 7, 'Myanmar', 'Stay interview ဆိုတာဘာလဲ။', 'Hard', '2026-02-14 14:13:56'),
(276, 7, 'Myanmar', 'HR နဲ့ personnel management ဘာကွာလဲ။', 'Hard', '2026-02-14 14:13:56'),
(277, 7, 'Myanmar', 'Job evaluation ဆိုတာဘာလဲ။', 'Medium', '2026-02-14 14:13:56'),
(278, 7, 'Myanmar', 'Exit interview ရဲ့ရည်ရွယ်ချက်ကဘာလဲ။', 'Easy', '2026-02-14 14:13:56'),
(279, 7, 'Myanmar', 'Competency framework ဆိုတာဘာလဲ။', 'Hard', '2026-02-14 14:13:56'),
(280, 7, 'Myanmar', 'HR analytics ဆိုတာဘာလဲ။', 'Medium', '2026-02-14 14:13:56'),
(281, 8, 'English', 'What is financial statement analysis?', 'Easy', '2026-02-14 14:13:56'),
(282, 8, 'English', 'What is the difference between cash flow and profit?', 'Medium', '2026-02-14 14:13:56'),
(283, 8, 'English', 'What is ROI and how is it calculated?', 'Hard', '2026-02-14 14:13:56'),
(284, 8, 'English', 'What is budgeting?', 'Easy', '2026-02-14 14:13:56'),
(285, 8, 'English', 'What are the main financial ratios?', 'Medium', '2026-02-14 14:13:56'),
(286, 8, 'English', 'What is a balance sheet?', 'Easy', '2026-02-14 14:13:56'),
(287, 8, 'English', 'What is an income statement?', 'Easy', '2026-02-14 14:13:56'),
(288, 8, 'English', 'What is a cash flow statement?', 'Medium', '2026-02-14 14:13:56'),
(289, 8, 'English', 'What is working capital?', 'Medium', '2026-02-14 14:13:56'),
(290, 8, 'English', 'What is the time value of money?', 'Hard', '2026-02-14 14:13:56'),
(291, 8, 'English', 'What is NPV?', 'Hard', '2026-02-14 14:13:56'),
(292, 8, 'English', 'What is the difference between debt and equity?', 'Medium', '2026-02-14 14:13:56'),
(293, 8, 'English', 'What is financial forecasting?', 'Medium', '2026-02-14 14:13:56'),
(294, 8, 'English', 'What is a budget variance?', 'Medium', '2026-02-14 14:13:56'),
(295, 8, 'English', 'What is a financial audit?', 'Easy', '2026-02-14 14:13:56'),
(296, 8, 'English', 'What is a break-even point?', 'Medium', '2026-02-14 14:13:56'),
(297, 8, 'English', 'What is cost of goods sold (COGS)?', 'Easy', '2026-02-14 14:13:56'),
(298, 8, 'English', 'What is a financial ratio analysis?', 'Medium', '2026-02-14 14:13:56'),
(299, 8, 'English', 'What is liquidity?', 'Easy', '2026-02-14 14:13:56'),
(300, 8, 'English', 'What is the difference between fixed and variable costs?', 'Easy', '2026-02-14 14:13:56'),
(301, 8, 'Myanmar', 'Financial statement analysis ဆိုတာဘာလဲ။', 'Easy', '2026-02-14 14:13:56'),
(302, 8, 'Myanmar', 'Cash flow နဲ့ profit ဘာကွာလဲ။', 'Medium', '2026-02-14 14:13:56'),
(303, 8, 'Myanmar', 'ROI ဆိုတာဘာလဲ၊ ဘယ်လိုတွက်ချက်လဲ။', 'Hard', '2026-02-14 14:13:56'),
(304, 8, 'Myanmar', 'Budgeting ဆိုတာဘာလဲ။', 'Easy', '2026-02-14 14:13:56'),
(305, 8, 'Myanmar', 'အဓိကဘဏ္ဍာရေးအချိုးများကဘာတွေလဲ။', 'Medium', '2026-02-14 14:13:56'),
(306, 8, 'Myanmar', 'Balance sheet ဆိုတာဘာလဲ။', 'Easy', '2026-02-14 14:13:56'),
(307, 8, 'Myanmar', 'Income statement ဆိုတာဘာလဲ။', 'Easy', '2026-02-14 14:13:56'),
(308, 8, 'Myanmar', 'Cash flow statement ဆိုတာဘာလဲ။', 'Medium', '2026-02-14 14:13:56'),
(309, 8, 'Myanmar', 'Working capital ဆိုတာဘာလဲ။', 'Medium', '2026-02-14 14:13:56'),
(310, 8, 'Myanmar', 'ငွေ၏အချိန်တန်ဖိုးဆိုတာဘာလဲ။', 'Hard', '2026-02-14 14:13:56'),
(311, 8, 'Myanmar', 'NPV ဆိုတာဘာလဲ။', 'Hard', '2026-02-14 14:13:56'),
(312, 8, 'Myanmar', 'အကြွေးနဲ့ရှယ်ယာဘာကွာလဲ။', 'Medium', '2026-02-14 14:13:56'),
(313, 8, 'Myanmar', 'Financial forecasting ဆိုတာဘာလဲ။', 'Medium', '2026-02-14 14:13:56'),
(314, 8, 'Myanmar', 'Budget variance ဆိုတာဘာလဲ။', 'Medium', '2026-02-14 14:13:56'),
(315, 8, 'Myanmar', 'Financial audit ဆိုတာဘာလဲ။', 'Easy', '2026-02-14 14:13:56'),
(316, 8, 'Myanmar', 'Break-even point ဆိုတာဘာလဲ။', 'Medium', '2026-02-14 14:13:56'),
(317, 8, 'Myanmar', 'ကုန်ပစ္စည်းရောင်းချရကုန်ကျစရိတ် (COGS) ဆိုတာဘာလဲ။', 'Easy', '2026-02-14 14:13:56'),
(318, 8, 'Myanmar', 'Financial ratio analysis ဆိုတာဘာလဲ။', 'Medium', '2026-02-14 14:13:56'),
(319, 8, 'Myanmar', 'Liquidity ဆိုတာဘာလဲ။', 'Easy', '2026-02-14 14:13:56'),
(320, 8, 'Myanmar', 'Fixed cost နဲ့ variable cost ဘာကွာလဲ။', 'Easy', '2026-02-14 14:13:56');

-- --------------------------------------------------------

--
-- Table structure for table `interview_sessions`
--

CREATE TABLE `interview_sessions` (
  `id` int(11) NOT NULL,
  `user_id` int(11) DEFAULT NULL,
  `position_id` int(11) DEFAULT NULL,
  `language` varchar(50) DEFAULT NULL,
  `started_at` timestamp NOT NULL DEFAULT current_timestamp(),
  `completed_at` timestamp NULL DEFAULT NULL,
  `score` decimal(5,2) DEFAULT 0.00
) ENGINE=InnoDB DEFAULT CHARSET=utf8mb4 COLLATE=utf8mb4_general_ci;

-- --------------------------------------------------------

--
-- Table structure for table `positions`
--

CREATE TABLE `positions` (
  `id` int(11) NOT NULL,
  `name` varchar(100) NOT NULL,
  `description` text DEFAULT NULL,
  `created_at` timestamp NOT NULL DEFAULT current_timestamp()
) ENGINE=InnoDB DEFAULT CHARSET=utf8mb4 COLLATE=utf8mb4_general_ci;

--
-- Dumping data for table `positions`
--

INSERT INTO `positions` (`id`, `name`, `description`, `created_at`) VALUES
(1, 'Software Engineer', 'Backend, Frontend, Full-stack development', '2026-02-10 18:23:55'),
(2, 'Data Analyst', 'Data analysis, visualization, and reporting', '2026-02-10 18:23:55'),
(3, 'Project Manager', 'Project planning and team management', '2026-02-10 18:23:55'),
(4, 'UX Designer', 'User experience and interface design', '2026-02-10 18:23:55'),
(5, 'Marketing Specialist', 'Digital marketing and campaign management', '2026-02-10 18:23:55'),
(6, 'Sales Executive', 'Sales strategies and client relationships', '2026-02-10 18:23:55'),
(7, 'HR Manager', 'Human resources and talent management', '2026-02-10 18:23:55'),
(8, 'Finance Analyst', 'Financial analysis and planning', '2026-02-10 18:23:55');

-- --------------------------------------------------------

--
-- Table structure for table `question_answers`
--

CREATE TABLE `question_answers` (
  `id` int(11) NOT NULL,
  `question_id` int(11) DEFAULT NULL,
  `answer_text` text NOT NULL,
  `is_correct` tinyint(1) DEFAULT 0,
  `explanation` text DEFAULT NULL,
  `created_at` timestamp NOT NULL DEFAULT current_timestamp()
) ENGINE=InnoDB DEFAULT CHARSET=utf8mb4 COLLATE=utf8mb4_general_ci;

--
-- Dumping data for table `question_answers`
--

INSERT INTO `question_answers` (`id`, `question_id`, `answer_text`, `is_correct`, `explanation`, `created_at`) VALUES
(1, 1, 'A programming paradigm based on objects containing data and methods', 1, NULL, '2026-02-10 18:27:03'),
(2, 1, 'A type of database management system', 0, NULL, '2026-02-10 18:27:03'),
(3, 1, 'A hardware design pattern', 0, NULL, '2026-02-10 18:27:03'),
(4, 2, 'REST is architectural style, SOAP is protocol', 1, NULL, '2026-02-10 18:27:03'),
(5, 2, 'Both are the same thing', 0, NULL, '2026-02-10 18:27:03'),
(6, 2, 'SOAP is faster than REST', 0, NULL, '2026-02-10 18:27:03'),
(7, 3, 'Attack injecting SQL code via input; prevent using prepared statements', 1, NULL, '2026-02-10 18:27:03'),
(8, 3, 'A type of database backup method', 0, NULL, '2026-02-10 18:27:03'),
(9, 3, 'A SQL optimization technique', 0, NULL, '2026-02-10 18:27:03'),
(10, 4, 'Ability of objects to take many forms', 1, NULL, '2026-02-10 18:27:03'),
(11, 4, 'A way to hide data', 0, NULL, '2026-02-10 18:27:03'),
(12, 4, 'A memory management technique', 0, NULL, '2026-02-10 18:27:03'),
(13, 5, 'Unique identifier for each record in a table', 1, NULL, '2026-02-10 18:27:03'),
(14, 5, 'A type of encryption key', 0, NULL, '2026-02-10 18:27:03'),
(15, 5, 'The main password for database access', 0, NULL, '2026-02-10 18:27:03'),
(16, 6, 'Version control system for tracking code changes', 1, NULL, '2026-02-10 18:27:03'),
(17, 6, 'A programming language', 0, NULL, '2026-02-10 18:27:03'),
(18, 6, 'A database management tool', 0, NULL, '2026-02-10 18:27:03'),
(19, 7, 'Stack: static allocation, Heap: dynamic allocation', 1, NULL, '2026-02-10 18:27:03'),
(20, 7, 'Both are the same', 0, NULL, '2026-02-10 18:27:03'),
(21, 7, 'Stack is faster than heap', 0, NULL, '2026-02-10 18:27:03'),
(22, 8, 'Lightweight, portable package containing application and dependencies', 1, NULL, '2026-02-10 18:27:03'),
(23, 8, 'A type of database', 0, NULL, '2026-02-10 18:27:03'),
(24, 8, 'A hardware component', 0, NULL, '2026-02-10 18:27:03'),
(25, 9, 'Model-View-Controller design pattern for web applications', 1, NULL, '2026-02-10 18:27:03'),
(26, 9, 'A type of database schema', 0, NULL, '2026-02-10 18:27:03'),
(27, 9, 'A programming language', 0, NULL, '2026-02-10 18:27:03'),
(28, 10, 'Application Programming Interface for software communication', 1, NULL, '2026-02-10 18:27:03'),
(29, 10, 'A user interface design', 0, NULL, '2026-02-10 18:27:03'),
(30, 10, 'A type of hardware interface', 0, NULL, '2026-02-10 18:27:03'),
(31, 11, 'SQL: relational, structured; NoSQL: non-relational, flexible', 1, NULL, '2026-02-10 18:27:03'),
(32, 11, 'SQL is faster than NoSQL', 0, NULL, '2026-02-10 18:27:03'),
(33, 11, 'NoSQL uses SQL queries', 0, NULL, '2026-02-10 18:27:03'),
(34, 12, 'Testing individual components of software', 1, NULL, '2026-02-10 18:27:03'),
(35, 12, 'Testing the whole application', 0, NULL, '2026-02-10 18:27:03'),
(36, 12, 'A type of performance testing', 0, NULL, '2026-02-10 18:27:03'),
(37, 13, 'Architectural style structuring application as collection of small services', 1, NULL, '2026-02-10 18:27:03'),
(38, 13, 'A type of database architecture', 0, NULL, '2026-02-10 18:27:03'),
(39, 13, 'Small software bugs', 0, NULL, '2026-02-10 18:27:03'),
(40, 14, 'Continuous Integration/Continuous Deployment automation process', 1, NULL, '2026-02-10 18:27:03'),
(41, 14, 'A type of database', 0, NULL, '2026-02-10 18:27:03'),
(42, 14, 'A programming language feature', 0, NULL, '2026-02-10 18:27:03'),
(43, 15, 'Improves query performance by faster data retrieval', 1, NULL, '2026-02-10 18:27:03'),
(44, 15, 'Increases storage space', 0, NULL, '2026-02-10 18:27:03'),
(45, 15, 'Encrypts data', 0, NULL, '2026-02-10 18:27:03'),
(46, 16, 'HTTPS is HTTP with SSL/TLS encryption', 1, NULL, '2026-02-10 18:27:03'),
(47, 16, 'HTTPS is faster than HTTP', 0, NULL, '2026-02-10 18:27:03'),
(48, 16, 'HTTP is more secure than HTTPS', 0, NULL, '2026-02-10 18:27:03'),
(49, 17, 'Distributes network traffic across multiple servers', 1, NULL, '2026-02-10 18:27:03'),
(50, 17, 'Balances database tables', 0, NULL, '2026-02-10 18:27:03'),
(51, 17, 'Manages memory allocation', 0, NULL, '2026-02-10 18:27:03'),
(52, 18, 'Authentication: verify identity; Authorization: verify permissions', 1, NULL, '2026-02-10 18:27:03'),
(53, 18, 'Both are the same', 0, NULL, '2026-02-10 18:27:03'),
(54, 18, 'Authorization comes before authentication', 0, NULL, '2026-02-10 18:27:03'),
(55, 19, 'Design that adapts to different screen sizes', 1, NULL, '2026-02-10 18:27:03'),
(56, 19, 'Fast loading websites', 0, NULL, '2026-02-10 18:27:03'),
(57, 19, 'Websites with many images', 0, NULL, '2026-02-10 18:27:03'),
(58, 20, 'Decouples components by injecting dependencies', 1, NULL, '2026-02-10 18:27:03'),
(59, 20, 'Injects malicious code', 0, NULL, '2026-02-10 18:27:03'),
(60, 20, 'A type of database injection', 0, NULL, '2026-02-10 18:27:03'),
(61, 21, 'Data နဲ့ methods တွေပါတဲ့ objects အပေါ်အခြေခံတဲ့ programming paradigm', 1, NULL, '2026-02-10 18:27:03'),
(62, 21, 'Database management system တစ်မျိုး', 0, NULL, '2026-02-10 18:27:03'),
(63, 21, 'Hardware design pattern တစ်ခု', 0, NULL, '2026-02-10 18:27:03'),
(64, 22, 'REST က architectural style, SOAP က protocol', 1, NULL, '2026-02-10 18:27:03'),
(65, 22, 'နှစ်ခုလုံးအတူတူပါပဲ', 0, NULL, '2026-02-10 18:27:03'),
(66, 22, 'SOAP က REST ထက်မြန်တယ်', 0, NULL, '2026-02-10 18:27:03'),
(67, 23, 'Input ကနေ SQL code ထည့်သွင်းတဲ့ attack; prepared statements သုံးပြီးကာကွယ်မယ်', 1, NULL, '2026-02-10 18:27:03'),
(68, 23, 'Database backup method တစ်မျိုး', 0, NULL, '2026-02-10 18:27:03'),
(69, 23, 'SQL optimization technique တစ်ခု', 0, NULL, '2026-02-10 18:27:03'),
(70, 24, 'Objects တွေက form အမျိုးမျိုးယူနိုင်စွမ်း', 1, NULL, '2026-02-10 18:27:03'),
(71, 24, 'Data ကိုဝှက်တဲ့နည်း', 0, NULL, '2026-02-10 18:27:03'),
(72, 24, 'Memory management technique တစ်ခု', 0, NULL, '2026-02-10 18:27:03'),
(73, 25, 'Table ထဲက record တစ်ခုစီအတွက် unique identifier', 1, NULL, '2026-02-10 18:27:03'),
(74, 25, 'Encryption key တစ်မျိုး', 0, NULL, '2026-02-10 18:27:03'),
(75, 25, 'Database ဝင်ဖို့အဓိက password', 0, NULL, '2026-02-10 18:27:03'),
(76, 26, 'Code changes တွေကိုခြေရာခံတဲ့ version control system', 1, NULL, '2026-02-10 18:27:03'),
(77, 26, 'Programming language တစ်ခု', 0, NULL, '2026-02-10 18:27:03'),
(78, 26, 'Database management tool တစ်ခု', 0, NULL, '2026-02-10 18:27:03'),
(79, 27, 'Stack: static allocation, Heap: dynamic allocation', 1, NULL, '2026-02-10 18:27:03'),
(80, 27, 'နှစ်ခုလုံးအတူတူပါပဲ', 0, NULL, '2026-02-10 18:27:03'),
(81, 27, 'Stack က heap ထက်မြန်တယ်', 0, NULL, '2026-02-10 18:27:03'),
(82, 28, 'Application နဲ့ dependencies တွေပါတဲ့ lightweight, portable package', 1, NULL, '2026-02-10 18:27:03'),
(83, 28, 'Database တစ်မျိုး', 0, NULL, '2026-02-10 18:27:03'),
(84, 28, 'Hardware component တစ်ခု', 0, NULL, '2026-02-10 18:27:03'),
(85, 29, 'Web applications အတွက် Model-View-Controller design pattern', 1, NULL, '2026-02-10 18:27:03'),
(86, 29, 'Database schema တစ်မျိုး', 0, NULL, '2026-02-10 18:27:03'),
(87, 29, 'Programming language တစ်ခု', 0, NULL, '2026-02-10 18:27:03'),
(88, 30, 'Software communication အတွက် Application Programming Interface', 1, NULL, '2026-02-10 18:27:03'),
(89, 30, 'User interface design တစ်ခု', 0, NULL, '2026-02-10 18:27:03'),
(90, 30, 'Hardware interface တစ်မျိုး', 0, NULL, '2026-02-10 18:27:03'),
(91, 31, 'SQL: relational, structured; NoSQL: non-relational, flexible', 1, NULL, '2026-02-10 18:27:03'),
(92, 31, 'SQL က NoSQL ထက်မြန်တယ်', 0, NULL, '2026-02-10 18:27:03'),
(93, 31, 'NoSQL က SQL queries တွေသုံးတယ်', 0, NULL, '2026-02-10 18:27:03'),
(94, 32, 'Software ရဲ့ individual components တွေကိုစစ်ဆေးခြင်း', 1, NULL, '2026-02-10 18:27:03'),
(95, 32, 'Application တစ်ခုလုံးကိုစစ်ဆေးခြင်း', 0, NULL, '2026-02-10 18:27:03'),
(96, 32, 'Performance testing တစ်မျိုး', 0, NULL, '2026-02-10 18:27:03'),
(97, 33, 'Application ကို small services collection အဖြစ် structure လုပ်တဲ့ architectural style', 1, NULL, '2026-02-10 18:27:03'),
(98, 33, 'Database architecture တစ်မျိုး', 0, NULL, '2026-02-10 18:27:03'),
(99, 33, 'Small software bugs တွေ', 0, NULL, '2026-02-10 18:27:03'),
(100, 34, 'Continuous Integration/Continuous Deployment automation process', 1, NULL, '2026-02-10 18:27:03'),
(101, 34, 'Database တစ်မျိုး', 0, NULL, '2026-02-10 18:27:03'),
(102, 34, 'Programming language feature တစ်ခု', 0, NULL, '2026-02-10 18:27:03'),
(103, 35, 'Query performance ကိုမြှင့်တင်ပေးပြီး data retrieval ပိုမြန်စေတယ်', 1, NULL, '2026-02-10 18:27:03'),
(104, 35, 'Storage space ကိုတိုးပေးတယ်', 0, NULL, '2026-02-10 18:27:03'),
(105, 35, 'Data ကိုအမျိုးအစားခွဲတယ်', 0, NULL, '2026-02-10 18:27:03'),
(106, 36, 'HTTPS က HTTP ထက် SSL/TLS encryption ပါတယ်', 1, NULL, '2026-02-10 18:27:03'),
(107, 36, 'HTTPS က HTTP ထက်မြန်တယ်', 0, NULL, '2026-02-10 18:27:03'),
(108, 36, 'HTTP က HTTPS ထက်စိတ်ချရတယ်', 0, NULL, '2026-02-10 18:27:03'),
(109, 37, 'Network traffic ကို servers အများကြီးကြားခွဲဝေပေးတယ်', 1, NULL, '2026-02-10 18:27:03'),
(110, 37, 'Database tables တွေကိုညှိနှိုင်းပေးတယ်', 0, NULL, '2026-02-10 18:27:03'),
(111, 37, 'Memory allocation ကိုစီမံပေးတယ်', 0, NULL, '2026-02-10 18:27:03'),
(112, 38, 'Authentication: ကိုယ်ပိုင်စစ်ဆေး; Authorization: ခွင့်ပြုချက်စစ်ဆေး', 1, NULL, '2026-02-10 18:27:03'),
(113, 38, 'နှစ်ခုလုံးအတူတူပါပဲ', 0, NULL, '2026-02-10 18:27:03'),
(114, 38, 'Authorization က authentication ထက်အရင်လုပ်ရတယ်', 0, NULL, '2026-02-10 18:27:03'),
(115, 39, 'Screen sizes အမျိုးမျိုးကိုလိုက်ဖက်အောင်ပြုလုပ်ထားတဲ့ design', 1, NULL, '2026-02-10 18:27:03'),
(116, 39, 'အမြန်လည်ပတ်နိုင်တဲ့ websites', 0, NULL, '2026-02-10 18:27:03'),
(117, 39, 'ပုံတွေအများကြီးပါတဲ့ websites', 0, NULL, '2026-02-10 18:27:03'),
(118, 40, 'Dependencies တွေကိုထည့်သွင်းပေးပြီး components တွေကိုခွဲထုတ်ပေးတယ်', 1, NULL, '2026-02-10 18:27:03'),
(119, 40, 'Malicious code ထည့်သွင်းတယ်', 0, NULL, '2026-02-10 18:27:03'),
(120, 40, 'Database injection တစ်မျိုး', 0, NULL, '2026-02-10 18:27:03'),
(121, 41, 'Supervised uses labeled data, unsupervised finds patterns in unlabeled data', 1, NULL, '2026-02-10 18:38:27'),
(122, 41, 'Supervised is faster than unsupervised learning', 0, NULL, '2026-02-10 18:38:27'),
(123, 41, 'Unsupervised learning requires human intervention', 0, NULL, '2026-02-10 18:38:27'),
(124, 42, 'Querying and manipulating data in relational databases', 1, NULL, '2026-02-10 18:38:27'),
(125, 42, 'Creating data visualizations', 0, NULL, '2026-02-10 18:38:27'),
(126, 42, 'Building machine learning models', 0, NULL, '2026-02-10 18:38:27'),
(127, 43, 'Probability of obtaining results at least as extreme as observed results', 1, NULL, '2026-02-10 18:38:27'),
(128, 43, 'Percentage of correct predictions', 0, NULL, '2026-02-10 18:38:27'),
(129, 43, 'Precision value in machine learning', 0, NULL, '2026-02-10 18:38:27'),
(130, 44, 'Handling missing values, removing duplicates, correcting inconsistencies', 1, NULL, '2026-02-10 18:38:27'),
(131, 44, 'Training models, testing accuracy, deployment', 0, NULL, '2026-02-10 18:38:27'),
(132, 44, 'Collecting data, analyzing trends, reporting', 0, NULL, '2026-02-10 18:38:27'),
(133, 45, 'Graphical representation of data to identify patterns and trends', 1, NULL, '2026-02-10 18:38:27'),
(134, 45, 'Storing data in visual format', 0, NULL, '2026-02-10 18:38:27'),
(135, 45, 'Converting data into audio format', 0, NULL, '2026-02-10 18:38:27'),
(136, 46, 'Classification predicts categories, regression predicts continuous values', 1, NULL, '2026-02-10 18:38:27'),
(137, 46, 'Both are the same thing', 0, NULL, '2026-02-10 18:38:27'),
(138, 46, 'Classification is for numbers, regression is for text', 0, NULL, '2026-02-10 18:38:27'),
(139, 47, 'Correlation: relationship between variables; Causation: one variable causes change in another', 1, NULL, '2026-02-10 18:38:27'),
(140, 47, 'Both mean the same thing', 0, NULL, '2026-02-10 18:38:27'),
(141, 47, 'Causation is weaker than correlation', 0, NULL, '2026-02-10 18:38:27'),
(142, 48, 'Model performs well on training data but poorly on new data', 1, NULL, '2026-02-10 18:38:27'),
(143, 48, 'Model that is too simple', 0, NULL, '2026-02-10 18:38:27'),
(144, 48, 'Model that trains too quickly', 0, NULL, '2026-02-10 18:38:27'),
(145, 49, 'Scaling features to a standard range to improve model performance', 1, NULL, '2026-02-10 18:38:27'),
(146, 49, 'Removing all outliers from data', 0, NULL, '2026-02-10 18:38:27'),
(147, 49, 'Converting text to numbers', 0, NULL, '2026-02-10 18:38:27'),
(148, 50, 'Supervised learning algorithm that splits data based on feature values', 1, NULL, '2026-02-10 18:38:27'),
(149, 50, 'Algorithm for database management', 0, NULL, '2026-02-10 18:38:27'),
(150, 50, 'Unsupervised clustering technique', 0, NULL, '2026-02-10 18:38:27'),
(151, 51, 'Precision: accuracy of positive predictions; Recall: ability to find all positives', 1, NULL, '2026-02-10 18:38:27'),
(152, 51, 'Both measure the same thing', 0, NULL, '2026-02-10 18:38:27'),
(153, 51, 'Precision is for regression, recall is for classification', 0, NULL, '2026-02-10 18:38:27'),
(154, 52, 'Creating new features from existing data to improve model performance', 1, NULL, '2026-02-10 18:38:27'),
(155, 52, 'Engineering software features', 0, NULL, '2026-02-10 18:38:27'),
(156, 52, 'Fixing broken data features', 0, NULL, '2026-02-10 18:38:27'),
(157, 53, 'Technique to assess model performance by splitting data into multiple folds', 1, NULL, '2026-02-10 18:38:27'),
(158, 53, 'Validating data across multiple databases', 0, NULL, '2026-02-10 18:38:27'),
(159, 53, 'Cross-checking data with external sources', 0, NULL, '2026-02-10 18:38:27'),
(160, 54, 'Batch uses all data points per update, stochastic uses one random point', 1, NULL, '2026-02-10 18:38:27'),
(161, 54, 'Both are the same algorithm', 0, NULL, '2026-02-10 18:38:27'),
(162, 54, 'Stochastic is always better than batch', 0, NULL, '2026-02-10 18:38:27'),
(163, 55, 'Reducing number of features while preserving important information', 1, NULL, '2026-02-10 18:38:27'),
(164, 55, 'Reducing dataset size by removing rows', 0, NULL, '2026-02-10 18:38:27'),
(165, 55, 'Compressing data files', 0, NULL, '2026-02-10 18:38:27'),
(166, 56, 'Table showing performance of classification model', 1, NULL, '2026-02-10 18:38:27'),
(167, 56, 'Matrix of confusing data points', 0, NULL, '2026-02-10 18:38:27'),
(168, 56, 'Algorithm for matrix calculations', 0, NULL, '2026-02-10 18:38:27'),
(169, 57, 'Analyzing data points collected over time intervals', 1, NULL, '2026-02-10 18:38:27'),
(170, 57, 'Analyzing series of time measurements', 0, NULL, '2026-02-10 18:38:27'),
(171, 57, 'Time management for data projects', 0, NULL, '2026-02-10 18:38:27'),
(172, 58, 'Data mining discovers patterns, data analysis interprets data', 1, NULL, '2026-02-10 18:38:27'),
(173, 58, 'Both are identical processes', 0, NULL, '2026-02-10 18:38:27'),
(174, 58, 'Data analysis is for small datasets only', 0, NULL, '2026-02-10 18:38:27'),
(175, 59, 'Identifying data points that differ significantly from other observations', 1, NULL, '2026-02-10 18:38:27'),
(176, 59, 'Detecting external data sources', 0, NULL, '2026-02-10 18:38:27'),
(177, 59, 'Finding outliers in statistical formulas', 0, NULL, '2026-02-10 18:38:27'),
(178, 60, 'High-quality data leads to accurate analysis and better decisions', 1, NULL, '2026-02-10 18:38:27'),
(179, 60, 'Data quality only affects storage costs', 0, NULL, '2026-02-10 18:38:27'),
(180, 60, 'Data quality is not important for analysis', 0, NULL, '2026-02-10 18:38:27'),
(181, 61, 'Supervised က labeled data သုံးတယ်၊ unsupervised က unlabeled data ထဲက pattern တွေရှာတယ်', 1, NULL, '2026-02-10 18:38:27'),
(182, 61, 'Supervised က unsupervised ထက်မြန်တယ်', 0, NULL, '2026-02-10 18:38:27'),
(183, 61, 'Unsupervised learning က human intervention လိုတယ်', 0, NULL, '2026-02-10 18:38:27'),
(184, 62, 'Relational databases ထဲက data တွေကို query လုပ်ဖို့နဲ့ manipulate လုပ်ဖို့', 1, NULL, '2026-02-10 18:38:27'),
(185, 62, 'Data visualizations ဖန်တီးဖို့', 0, NULL, '2026-02-10 18:38:27'),
(186, 62, 'Machine learning models တည်ဆောက်ဖို့', 0, NULL, '2026-02-10 18:38:27'),
(187, 63, 'လေ့လာတွေ့ရှိချက်တွေလောက် ပြင်းထန်တဲ့ရလဒ်တွေရဖို့ probability', 1, NULL, '2026-02-10 18:38:27'),
(188, 63, 'မှန်ကန်တဲ့ ခန့်မှန်းချက်ရဲ့ percentage', 0, NULL, '2026-02-10 18:38:27'),
(189, 63, 'Machine learning မှာ precision value', 0, NULL, '2026-02-10 18:38:27'),
(190, 64, 'Missing values တွေကိုင်တွယ်ခြင်း၊ duplicates တွေဖျက်ခြင်း၊ inconsistencies တွေပြင်ခြင်း', 1, NULL, '2026-02-10 18:38:27'),
(191, 64, 'Models တွေသင်ကြားခြင်း၊ accuracy test လုပ်ခြင်း၊ deploy လုပ်ခြင်း', 0, NULL, '2026-02-10 18:38:27'),
(192, 64, 'Data စုဆောင်းခြင်း၊ trend ခွဲခြမ်းခြင်း၊ report လုပ်ခြင်း', 0, NULL, '2026-02-10 18:38:27'),
(193, 65, 'Data ကို graphical representation လုပ်ပြီး pattern တွေ trend တွေကိုမြင်နိုင်အောင်လုပ်ခြင်း', 1, NULL, '2026-02-10 18:38:27'),
(194, 65, 'Data ကို visual format နဲ့သိမ်းခြင်း', 0, NULL, '2026-02-10 18:38:27'),
(195, 65, 'Data ကို audio format ကိုပြောင်းခြင်း', 0, NULL, '2026-02-10 18:38:27'),
(196, 66, 'Classification က categories တွေခန့်မှန်းတယ်၊ regression က continuous values တွေခန့်မှန်းတယ်', 1, NULL, '2026-02-10 18:38:27'),
(197, 66, 'နှစ်ခုလုံးအတူတူပါပဲ', 0, NULL, '2026-02-10 18:38:27'),
(198, 66, 'Classification က numbers အတွက်၊ regression က text အတွက်', 0, NULL, '2026-02-10 18:38:27'),
(199, 67, 'Correlation: variables တွေကြားဆက်နွယ်မှု; Causation: တစ်ခုကတစ်ခုကိုပြောင်းလဲစေခြင်း', 1, NULL, '2026-02-10 18:38:27'),
(200, 67, 'နှစ်ခုလုံးအတူတူပါပဲ', 0, NULL, '2026-02-10 18:38:27'),
(201, 67, 'Causation က correlation ထက်အားနည်းတယ်', 0, NULL, '2026-02-10 18:38:27'),
(202, 68, 'Model က training data မှာအကောင်းဆုံးလုပ်ဆောင်ပေမယ့် new data မှာညံ့ခြင်း', 1, NULL, '2026-02-10 18:38:27'),
(203, 68, 'Model ကရိုးရှင်းလွန်းခြင်း', 0, NULL, '2026-02-10 18:38:27'),
(204, 68, 'Model ကအရမ်းမြန်မြန်သင်ယူခြင်း', 0, NULL, '2026-02-10 18:38:27'),
(205, 69, 'Features တွေကို standard range ထဲပြောင်းပြီး model performance ကောင်းအောင်လုပ်ခြင်း', 1, NULL, '2026-02-10 18:38:27'),
(206, 69, 'Data ထဲက outliers အားလုံးကိုဖယ်ရှားခြင်း', 0, NULL, '2026-02-10 18:38:27'),
(207, 69, 'Text တွေကို numbers အဖြစ်ပြောင်းခြင်း', 0, NULL, '2026-02-10 18:38:27'),
(208, 70, 'Feature values အပေါ်အခြေခံပြီး data ကိုခွဲခြားတဲ့ supervised learning algorithm', 1, NULL, '2026-02-10 18:38:27'),
(209, 70, 'Database management အတွက် algorithm', 0, NULL, '2026-02-10 18:38:27'),
(210, 70, 'Unsupervised clustering technique', 0, NULL, '2026-02-10 18:38:27'),
(211, 71, 'Precision: အပြုသဘောခန့်မှန်းချက်ရဲ့တိကျမှု; Recall: အပြုသဘောအားလုံးကိုရှာနိုင်စွမ်း', 1, NULL, '2026-02-10 18:38:27'),
(212, 71, 'နှစ်ခုလုံးအတူတူတိုင်းတာတယ်', 0, NULL, '2026-02-10 18:38:27'),
(213, 71, 'Precision က regression အတွက်၊ recall က classification အတွက်', 0, NULL, '2026-02-10 18:38:27'),
(214, 72, 'ရှိပြီးသား data ကနေ model performance ကောင်းအောင် feature အသစ်တွေဖန်တီးခြင်း', 1, NULL, '2026-02-10 18:38:27'),
(215, 72, 'Software features တွေအင်ဂျင်နီယာလုပ်ခြင်း', 0, NULL, '2026-02-10 18:38:27'),
(216, 72, 'ပျက်နေတဲ့ data features တွေပြင်ခြင်း', 0, NULL, '2026-02-10 18:38:27'),
(217, 73, 'Data ကို multiple folds အဖြစ်ခွဲပြီး model performance ကိုအကဲဖြတ်တဲ့ technique', 1, NULL, '2026-02-10 18:38:27'),
(218, 73, 'Multiple databases က data တွေကိုအတည်ပြုခြင်း', 0, NULL, '2026-02-10 18:38:27'),
(219, 73, 'အပြင်က source တွေနဲ့ data ကိုချိန်ညှိခြင်း', 0, NULL, '2026-02-10 18:38:27'),
(220, 74, 'Batch က update တစ်ခါလုပ်ရင် data points အားလုံးသုံးတယ်၊ stochastic က random point တစ်ခုသုံးတယ်', 1, NULL, '2026-02-10 18:38:27'),
(221, 74, 'Algorithm နှစ်ခုလုံးအတူတူပါပဲ', 0, NULL, '2026-02-10 18:38:27'),
(222, 74, 'Stochastic က batch ထက်အမြဲတမ်းပိုကောင်းတယ်', 0, NULL, '2026-02-10 18:38:27'),
(223, 75, 'အရေးကြီးတဲ့ information တွေကိုထိန်းသိမ်းရင်း features အရေအတွက်ကိုလျှော့ချခြင်း', 1, NULL, '2026-02-10 18:38:27'),
(224, 75, 'Rows တွေဖျက်ပြီး dataset size ကိုလျှော့ချခြင်း', 0, NULL, '2026-02-10 18:38:27'),
(225, 75, 'Data files တွေကို compress လုပ်ခြင်း', 0, NULL, '2026-02-10 18:38:27'),
(226, 76, 'Classification model ရဲ့ performance ကိုပြသထားတဲ့ table', 1, NULL, '2026-02-10 18:38:27'),
(227, 76, 'ရှုပ်ထွေးတဲ့ data points တွေရဲ့ matrix', 0, NULL, '2026-02-10 18:38:27'),
(228, 76, 'Matrix တွက်ချက်မှုအတွက် algorithm', 0, NULL, '2026-02-10 18:38:27'),
(229, 77, 'အချိန်ကာလတစ်ခုကြာမြင့်စွာစုဆောင်းထားတဲ့ data points တွေကိုခွဲခြမ်းစိတ်ဖြာခြင်း', 1, NULL, '2026-02-10 18:38:27'),
(230, 77, 'အချိန်တိုင်းတာမှုစီးရီးတွေကိုခွဲခြမ်းခြင်း', 0, NULL, '2026-02-10 18:38:27'),
(231, 77, 'Data projects တွေအတွက် time management', 0, NULL, '2026-02-10 18:38:27'),
(232, 78, 'Data mining က pattern တွေရှာဖွေတယ်၊ data analysis က data ကိုအနက်ဖွင့်တယ်', 1, NULL, '2026-02-10 18:38:27'),
(233, 78, 'Process နှစ်ခုလုံးအတူတူပါပဲ', 0, NULL, '2026-02-10 18:38:27'),
(234, 78, 'Data analysis က small datasets အတွက်ပဲ', 0, NULL, '2026-02-10 18:38:27'),
(235, 79, 'အခြားလေ့လာချက်တွေနဲ့သိသိသာသာကွဲပြားတဲ့ data points တွေကိုဖော်ထုတ်ခြင်း', 1, NULL, '2026-02-10 18:38:27'),
(236, 79, 'အပြင်က data sources တွေကိုရှာဖွေခြင်း', 0, NULL, '2026-02-10 18:38:27'),
(237, 79, 'သင်္ချာပုံသေနည်းတွေထဲက outliers တွေရှာခြင်း', 0, NULL, '2026-02-10 18:38:27'),
(238, 80, 'High-quality data က တိကျတဲ့ခွဲခြမ်းစိတ်ဖြာမှုနဲ့ ပိုကောင်းတဲ့ဆုံးဖြတ်ချက်တွေကိုဖြစ်စေတယ်', 1, NULL, '2026-02-10 18:38:27'),
(239, 80, 'Data quality က storage costs ကိုပဲသက်ရောက်တယ်', 0, NULL, '2026-02-10 18:38:27'),
(240, 80, 'Data quality က analysis အတွက်အရေးမကြီးပါ', 0, NULL, '2026-02-10 18:38:27'),
(241, 81, 'Agile is iterative and flexible, Waterfall is sequential and rigid', 1, NULL, '2026-02-14 14:07:16'),
(242, 81, 'Agile is for small projects only', 0, NULL, '2026-02-14 14:07:16'),
(243, 81, 'Waterfall is faster than Agile', 0, NULL, '2026-02-14 14:07:16'),
(244, 82, 'Visualizing project schedule and task dependencies', 1, NULL, '2026-02-14 14:07:16'),
(245, 82, 'Tracking team salaries', 0, NULL, '2026-02-14 14:07:16'),
(246, 82, 'Managing customer relationships', 0, NULL, '2026-02-14 14:07:16'),
(247, 83, 'Breaking down project deliverables into smaller components', 1, NULL, '2026-02-14 14:07:16'),
(248, 83, 'Calculating project budget', 0, NULL, '2026-02-14 14:07:16'),
(249, 83, 'Assigning team roles', 0, NULL, '2026-02-14 14:07:16'),
(250, 84, 'The longest sequence of dependent tasks determining project duration', 1, NULL, '2026-02-14 14:07:17'),
(251, 84, 'The shortest path to project completion', 0, NULL, '2026-02-14 14:07:17'),
(252, 84, 'The most expensive tasks', 0, NULL, '2026-02-14 14:07:17'),
(253, 85, 'Risks, Assumptions, Issues, Dependencies log', 1, NULL, '2026-02-14 14:07:17'),
(254, 85, 'A security audit tool', 0, NULL, '2026-02-14 14:07:17'),
(255, 85, 'A type of project meeting', 0, NULL, '2026-02-14 14:07:17'),
(256, 86, 'Provides resources and high-level support for the project', 1, NULL, '2026-02-14 14:07:17'),
(257, 86, 'Writes the project code', 0, NULL, '2026-02-14 14:07:17'),
(258, 86, 'Manages the project on a daily basis', 0, NULL, '2026-02-14 14:07:17'),
(259, 87, 'A significant event or achievement in the project', 1, NULL, '2026-02-14 14:07:17'),
(260, 87, 'The end of the project', 0, NULL, '2026-02-14 14:07:17'),
(261, 87, 'A type of project document', 0, NULL, '2026-02-14 14:07:17'),
(262, 88, 'A program is a group of related projects managed together', 1, NULL, '2026-02-14 14:07:17'),
(263, 88, 'A project is larger than a program', 0, NULL, '2026-02-14 14:07:17'),
(264, 88, 'There is no difference', 0, NULL, '2026-02-14 14:07:17'),
(265, 89, 'Formally authorizes the project and defines initial scope', 1, NULL, '2026-02-14 14:07:17'),
(266, 89, 'Lists all project risks', 0, NULL, '2026-02-14 14:07:17'),
(267, 89, 'Describes the project closure process', 0, NULL, '2026-02-14 14:07:17'),
(268, 90, 'Uncontrolled expansion of project scope without adjustments', 1, NULL, '2026-02-14 14:07:17'),
(269, 90, 'A project management methodology', 0, NULL, '2026-02-14 14:07:17'),
(270, 90, 'The process of reducing project scope', 0, NULL, '2026-02-14 14:07:17'),
(271, 91, 'Identifying and assessing the influence of project stakeholders', 1, NULL, '2026-02-14 14:07:17'),
(272, 91, 'Analyzing project finances', 0, NULL, '2026-02-14 14:07:17'),
(273, 91, 'Reviewing project code', 0, NULL, '2026-02-14 14:07:17'),
(274, 92, 'Actions to reduce the probability or impact of a risk', 1, NULL, '2026-02-14 14:07:17'),
(275, 92, 'Ignoring the risk', 0, NULL, '2026-02-14 14:07:17'),
(276, 92, 'Transferring the risk to another party', 0, NULL, '2026-02-14 14:07:17'),
(277, 93, 'Qualitative uses subjective ratings, quantitative uses numerical data', 1, NULL, '2026-02-14 14:07:17'),
(278, 93, 'Both are the same', 0, NULL, '2026-02-14 14:07:17'),
(279, 93, 'Quantitative is easier than qualitative', 0, NULL, '2026-02-14 14:07:17'),
(280, 94, 'Visual workflow management tool used in Agile', 1, NULL, '2026-02-14 14:07:17'),
(281, 94, 'A type of project report', 0, NULL, '2026-02-14 14:07:17'),
(282, 94, 'A meeting agenda', 0, NULL, '2026-02-14 14:07:17'),
(283, 95, 'A time-boxed iteration of work (usually 2-4 weeks)', 1, NULL, '2026-02-14 14:07:17'),
(284, 95, 'A project delay', 0, NULL, '2026-02-14 14:07:17'),
(285, 95, 'A team building activity', 0, NULL, '2026-02-14 14:07:17'),
(286, 96, 'Shows remaining work over time in a sprint', 1, NULL, '2026-02-14 14:07:17'),
(287, 96, 'Shows team burnout rate', 0, NULL, '2026-02-14 14:07:17'),
(288, 96, 'Tracks project expenses', 0, NULL, '2026-02-14 14:07:17'),
(289, 97, 'Scope, time, and cost constraints that must be balanced', 1, NULL, '2026-02-14 14:07:17'),
(290, 97, 'Project manager, sponsor, and team', 0, NULL, '2026-02-14 14:07:17'),
(291, 97, 'Three main project documents', 0, NULL, '2026-02-14 14:07:17'),
(292, 98, 'A group that reviews and approves/rejects project changes', 1, NULL, '2026-02-14 14:07:17'),
(293, 98, 'A team that writes code', 0, NULL, '2026-02-14 14:07:17'),
(294, 98, 'A financial oversight committee', 0, NULL, '2026-02-14 14:07:17'),
(295, 99, 'A department that standardizes project management practices', 1, NULL, '2026-02-14 14:07:17'),
(296, 99, 'The project manager\'s personal office', 0, NULL, '2026-02-14 14:07:17'),
(297, 99, 'A software tool for project management', 0, NULL, '2026-02-14 14:07:17'),
(298, 100, 'A meeting after project completion to analyze successes and failures', 1, NULL, '2026-02-14 14:07:17'),
(299, 100, 'A project celebration', 0, NULL, '2026-02-14 14:07:17'),
(300, 100, 'A project termination process', 0, NULL, '2026-02-14 14:07:17'),
(301, 101, 'Agile က ပြောင်းလွယ်ပြင်လွယ်၊ အဆင့်ဆင့်လုပ်တယ်။ Waterfall က တစ်ဆင့်ပြီးမှတစ်ဆင့် တင်းကျပ်တယ်။', 1, NULL, '2026-02-14 14:07:17'),
(302, 101, 'Agile က ပရောဂျက်ငယ်တွေအတွက်ပဲ', 0, NULL, '2026-02-14 14:07:17'),
(303, 101, 'Waterfall က Agile ထက်မြန်တယ်', 0, NULL, '2026-02-14 14:07:17'),
(304, 102, 'ပရောဂျက်အချိန်ဇယားနဲ့ အလုပ်အဆက်အစပ်တွေကိုမြင်သာအောင်ပြဖို့', 1, NULL, '2026-02-14 14:07:17'),
(305, 102, 'အဖွဲ့သားလစာတွေခြေရာခံဖို့', 0, NULL, '2026-02-14 14:07:17'),
(306, 102, 'ဖောက်သည်ဆက်ဆံရေးစီမံဖို့', 0, NULL, '2026-02-14 14:07:17'),
(307, 103, 'ပရောဂျက်လုပ်ငန်းတွေကို အသေးစိတ်အပိုင်းများခွဲခြမ်းဖို့', 1, NULL, '2026-02-14 14:07:17'),
(308, 103, 'ပရောဂျက်ဘတ်ဂျက်တွက်ချက်ဖို့', 0, NULL, '2026-02-14 14:07:17'),
(309, 103, 'အဖွဲ့သားတာဝန်ခွဲဝေဖို့', 0, NULL, '2026-02-14 14:07:17'),
(310, 104, 'ပရောဂျက်ကြာချိန်ကိုသတ်မှတ်တဲ့ အရှည်ဆုံးမှီခိုနေတဲ့လုပ်ငန်းစဉ်', 1, NULL, '2026-02-14 14:07:17'),
(311, 104, 'ပရောဂျက်ပြီးဆုံးဖို့အတိုဆုံးလမ်းကြောင်း', 0, NULL, '2026-02-14 14:07:17'),
(312, 104, 'အသုံးစရိတ်အများဆုံးလုပ်ငန်းများ', 0, NULL, '2026-02-14 14:07:17'),
(313, 105, 'Risks, Assumptions, Issues, Dependencies မှတ်တမ်း', 1, NULL, '2026-02-14 14:07:17'),
(314, 105, 'လုံခြုံရေးစစ်ဆေးရေးကိရိယာ', 0, NULL, '2026-02-14 14:07:17'),
(315, 105, 'ပရောဂျက်အစည်းအဝေးအမျိုးအစား', 0, NULL, '2026-02-14 14:07:17'),
(316, 106, 'ပရောဂျက်အတွက်အရင်းအမြစ်များနဲ့ အဆင့်မြင့်ပံ့ပိုးမှုပေးတယ်', 1, NULL, '2026-02-14 14:07:17'),
(317, 106, 'ပရောဂျက် code ကိုရေးတယ်', 0, NULL, '2026-02-14 14:07:17'),
(318, 106, 'နေ့စဉ်ပရောဂျက်ကိုစီမံတယ်', 0, NULL, '2026-02-14 14:07:17'),
(319, 107, 'ပရောဂျက်ထဲကအရေးပါတဲ့ဖြစ်ရပ် သို့မဟုတ် အောင်မြင်မှု', 1, NULL, '2026-02-14 14:07:17'),
(320, 107, 'ပရောဂျက်အဆုံးသတ်', 0, NULL, '2026-02-14 14:07:17'),
(321, 107, 'ပရောဂျက်စာရွက်စာတမ်းအမျိုးအစား', 0, NULL, '2026-02-14 14:07:17'),
(322, 108, 'Program က ဆက်စပ်နေတဲ့ project တစ်စုကို တစ်ပြိုင်နက်စီမံတာ', 1, NULL, '2026-02-14 14:07:17'),
(323, 108, 'Project က program ထက်ကြီးတယ်', 0, NULL, '2026-02-14 14:07:17'),
(324, 108, 'ဘာမှမကွာဘူး', 0, NULL, '2026-02-14 14:07:17'),
(325, 109, 'ပရောဂျက်ကိုတရားဝင်ခွင့်ပြုပြီး ကနဦးနယ်ပယ်သတ်မှတ်တယ်', 1, NULL, '2026-02-14 14:07:17'),
(326, 109, 'ပရောဂျက်အန္တရာယ်အားလုံးစာရင်း', 0, NULL, '2026-02-14 14:07:17'),
(327, 109, 'ပရောဂျက်ပိတ်သိမ်းခြင်းဖြစ်စဉ်', 0, NULL, '2026-02-14 14:07:17'),
(328, 110, 'ပရောဂျက်နယ်ပယ်ကို ချိန်ညှိမှုမရှိဘဲ ထိန်းမရအောင်ချဲ့ခြင်း', 1, NULL, '2026-02-14 14:07:17'),
(329, 110, 'ပရောဂျက်စီမံခန့်ခွဲမှုနည်းလမ်းတစ်ခု', 0, NULL, '2026-02-14 14:07:17'),
(330, 110, 'ပရောဂျက်နယ်ပယ်ကိုလျှော့ချခြင်း', 0, NULL, '2026-02-14 14:07:17'),
(331, 111, 'ပရောဂျက်တွင်ပါဝင်သူများကိုခွဲခြားပြီး သူတို့ရဲ့သြဇာကိုအကဲဖြတ်ခြင်း', 1, NULL, '2026-02-14 14:07:17'),
(332, 111, 'ပရောဂျက်ဘဏ္ဍာရေးကိုဆန်းစစ်ခြင်း', 0, NULL, '2026-02-14 14:07:17'),
(333, 111, 'ပရောဂျက် code ကိုပြန်လည်သုံးသပ်ခြင်း', 0, NULL, '2026-02-14 14:07:17'),
(334, 112, 'အန္တရာယ်ဖြစ်နိုင်ခြေ သို့မဟုတ် သက်ရောက်မှုကိုလျှော့ချရန်လုပ်ဆောင်ချက်များ', 1, NULL, '2026-02-14 14:07:17'),
(335, 112, 'အန္တရာယ်ကိုလျစ်လျူရှုခြင်း', 0, NULL, '2026-02-14 14:07:17'),
(336, 112, 'အန္တရာယ်ကိုအခြားသူထံလွှဲပြောင်းခြင်း', 0, NULL, '2026-02-14 14:07:17'),
(337, 113, 'Qualitative က ပုဂ္ဂလဓိဋ္ဌာန်အဆင့်သတ်မှတ်၊ Quantitative က ကိန်းဂဏန်းအချက်အလက်သုံး', 1, NULL, '2026-02-14 14:07:17'),
(338, 113, 'နှစ်ခုလုံးအတူတူပဲ', 0, NULL, '2026-02-14 14:07:17'),
(339, 113, 'Quantitative က qualitative ထက်လွယ်တယ်', 0, NULL, '2026-02-14 14:07:17'),
(340, 114, 'Agile မှာသုံးတဲ့ အလုပ်အလွယ်တကူမြင်ရအောင်စီမံတဲ့ကိရိယာ', 1, NULL, '2026-02-14 14:07:17'),
(341, 114, 'ပရောဂျက်အစီရင်ခံစာအမျိုးအစား', 0, NULL, '2026-02-14 14:07:17'),
(342, 114, 'အစည်းအဝေးလုပ်ငန်းစဉ်', 0, NULL, '2026-02-14 14:07:17'),
(343, 115, 'အချိန်သတ်မှတ်ထားတဲ့ လုပ်ငန်းသံသရာ (များသောအားဖြင့် ၂-၄ ပတ်)', 1, NULL, '2026-02-14 14:07:17'),
(344, 115, 'ပရောဂျက်နှောင့်နှေးခြင်း', 0, NULL, '2026-02-14 14:07:17'),
(345, 115, 'အဖွဲ့လိုက်လှုပ်ရှားမှု', 0, NULL, '2026-02-14 14:07:17'),
(346, 116, 'Sprint တစ်ခုအတွင်း ကျန်ရှိနေသေးတဲ့အလုပ်ပမာဏကိုအချိန်နဲ့အမျှပြတယ်', 1, NULL, '2026-02-14 14:07:17'),
(347, 116, 'အဖွဲ့သားပင်ပန်းနွမ်းနယ်မှုနှုန်း', 0, NULL, '2026-02-14 14:07:17'),
(348, 116, 'ပရောဂျက်ကုန်ကျစရိတ်ခြေရာခံတယ်', 0, NULL, '2026-02-14 14:07:17'),
(349, 117, 'ဟန်ချက်ညီရမယ့် နယ်ပယ်၊ အချိန်၊ ကုန်ကျစရိတ် သုံးခု', 1, NULL, '2026-02-14 14:07:17'),
(350, 117, 'ပရောဂျက်မန်နေဂျာ၊ စပွန်ဆာ၊ အဖွဲ့သား', 0, NULL, '2026-02-14 14:07:17'),
(351, 117, 'အဓိကပရောဂျက်စာရွက်စာတမ်းသုံးခု', 0, NULL, '2026-02-14 14:07:17'),
(352, 118, 'ပရောဂျက်အပြောင်းအလဲများကိုပြန်လည်သုံးသပ်ပြီး အတည်ပြု/ပယ်ချသည့်အဖွဲ့', 1, NULL, '2026-02-14 14:07:17'),
(353, 118, 'ကုဒ်ရေးတဲ့အဖွဲ့', 0, NULL, '2026-02-14 14:07:17'),
(354, 118, 'ဘဏ္ဍာရေးကြီးကြပ်ရေးကော်မတီ', 0, NULL, '2026-02-14 14:07:17'),
(355, 119, 'ပရောဂျက်စီမံခန့်ခွဲမှုအလေ့အကျင့်များကိုစံသတ်မှတ်ပေးသည့်ဌာန', 1, NULL, '2026-02-14 14:07:17'),
(356, 119, 'ပရောဂျက်မန်နေဂျာရဲ့ကိုယ်ပိုင်ရုံးခန်း', 0, NULL, '2026-02-14 14:07:17'),
(357, 119, 'ပရောဂျက်စီမံခန့်ခွဲမှုအတွက်ဆော့ဝဲကိရိယာ', 0, NULL, '2026-02-14 14:07:17'),
(358, 120, 'ပရောဂျက်ပြီးဆုံးပြီးနောက် အောင်မြင်မှုနဲ့ကျရှုံးမှုများကိုသုံးသပ်သည့်အစည်းအဝေး', 1, NULL, '2026-02-14 14:07:17'),
(359, 120, 'ပရောဂျက်အောင်ပွဲခံပွဲ', 0, NULL, '2026-02-14 14:07:17'),
(360, 120, 'ပရောဂျက်ရပ်ဆိုင်းခြင်းလုပ်ငန်းစဉ်', 0, NULL, '2026-02-14 14:07:17'),
(361, 121, 'UI focuses on visual design, UX focuses on user experience and usability', 1, NULL, '2026-02-14 14:07:17'),
(362, 121, 'They are the same thing', 0, NULL, '2026-02-14 14:07:17'),
(363, 121, 'UX is about coding, UI is about design', 0, NULL, '2026-02-14 14:07:17'),
(364, 122, 'A fictional character representing a user type', 1, NULL, '2026-02-14 14:07:17'),
(365, 122, 'The user\'s real name', 0, NULL, '2026-02-14 14:07:17'),
(366, 122, 'A type of user interface', 0, NULL, '2026-02-14 14:07:17'),
(367, 123, 'Creating low-fidelity layouts to outline structure', 1, NULL, '2026-02-14 14:07:17'),
(368, 123, 'Writing code for the interface', 0, NULL, '2026-02-14 14:07:17'),
(369, 123, 'Testing the final product', 0, NULL, '2026-02-14 14:07:17'),
(370, 124, 'Evaluating a product by testing with real users', 1, NULL, '2026-02-14 14:07:17'),
(371, 124, 'Testing the code for bugs', 0, NULL, '2026-02-14 14:07:17'),
(372, 124, 'Checking the color scheme', 0, NULL, '2026-02-14 14:07:17'),
(373, 125, 'An early sample or simulation of the final product', 1, NULL, '2026-02-14 14:07:17'),
(374, 125, 'The final product design', 0, NULL, '2026-02-14 14:07:17'),
(375, 125, 'A user research document', 0, NULL, '2026-02-14 14:07:17'),
(376, 126, 'Organizing and structuring content in a product', 1, NULL, '2026-02-14 14:07:17'),
(377, 126, 'The visual design of the product', 0, NULL, '2026-02-14 14:07:17'),
(378, 126, 'The technical architecture of the website', 0, NULL, '2026-02-14 14:07:17'),
(379, 127, 'Usability inspection method using established principles', 1, NULL, '2026-02-14 14:07:17'),
(380, 127, 'A type of user interview', 0, NULL, '2026-02-14 14:07:17'),
(381, 127, 'A statistical analysis', 0, NULL, '2026-02-14 14:07:17'),
(382, 128, 'Ensuring products are usable by people with disabilities', 1, NULL, '2026-02-14 14:07:17'),
(383, 128, 'Making products look beautiful', 0, NULL, '2026-02-14 14:07:17'),
(384, 128, 'Speeding up development time', 0, NULL, '2026-02-14 14:07:17'),
(385, 129, 'Visual representation of user\'s interactions with a product', 1, NULL, '2026-02-14 14:07:17'),
(386, 129, 'A map showing where users live', 0, NULL, '2026-02-14 14:07:17'),
(387, 129, 'A coding flowchart', 0, NULL, '2026-02-14 14:07:17'),
(388, 130, 'Comparing two versions of a design to see which performs better', 1, NULL, '2026-02-14 14:07:17'),
(389, 130, 'Testing with two users', 0, NULL, '2026-02-14 14:07:17'),
(390, 130, 'Testing the A and B buttons', 0, NULL, '2026-02-14 14:07:17'),
(391, 131, 'Low-fidelity is simple and quick, high-fidelity is detailed and interactive', 1, NULL, '2026-02-14 14:07:17'),
(392, 131, 'Low-fidelity is for mobile, high-fidelity for desktop', 0, NULL, '2026-02-14 14:07:17'),
(393, 131, 'They are the same', 0, NULL, '2026-02-14 14:07:17'),
(394, 132, 'Users organize topics into categories to inform information architecture', 1, NULL, '2026-02-14 14:07:17'),
(395, 132, 'A game played with cards', 0, NULL, '2026-02-14 14:07:17'),
(396, 132, 'A way to test visual design', 0, NULL, '2026-02-14 14:07:17'),
(397, 133, 'Understanding users\' needs and feelings to create better experiences', 1, NULL, '2026-02-14 14:07:17'),
(398, 133, 'Feeling sorry for users', 0, NULL, '2026-02-14 14:07:17'),
(399, 133, 'Ignoring user feedback', 0, NULL, '2026-02-14 14:07:17'),
(400, 134, 'A collection of reusable components and guidelines', 1, NULL, '2026-02-14 14:07:17'),
(401, 134, 'A type of software', 0, NULL, '2026-02-14 14:07:17'),
(402, 134, 'The design process', 0, NULL, '2026-02-14 14:07:17'),
(403, 135, 'The area visible without scrolling', 1, NULL, '2026-02-14 14:07:17'),
(404, 135, 'Where the page bends', 0, NULL, '2026-02-14 14:07:17'),
(405, 135, 'The bottom of the page', 0, NULL, '2026-02-14 14:07:17'),
(406, 136, 'Arranging elements to show importance and guide attention', 1, NULL, '2026-02-14 14:07:17'),
(407, 136, 'The hierarchy of the company', 0, NULL, '2026-02-14 14:07:17'),
(408, 136, 'A coding structure', 0, NULL, '2026-02-14 14:07:17'),
(409, 137, 'The difference in luminance that makes elements distinguishable', 1, NULL, '2026-02-14 14:07:17'),
(410, 137, 'Comparing two colors', 0, NULL, '2026-02-14 14:07:17'),
(411, 137, 'The contrast between light and dark mode', 0, NULL, '2026-02-14 14:07:17'),
(412, 138, 'An element that prompts user to take action', 1, NULL, '2026-02-14 14:07:17'),
(413, 138, 'A phone call to action', 0, NULL, '2026-02-14 14:07:17'),
(414, 138, 'A type of button', 0, NULL, '2026-02-14 14:07:17'),
(415, 139, 'To improve readability and focus by reducing clutter', 1, NULL, '2026-02-14 14:07:17'),
(416, 139, 'To save ink', 0, NULL, '2026-02-14 14:07:17'),
(417, 139, 'To make the design look empty', 0, NULL, '2026-02-14 14:07:17'),
(418, 140, 'Design that adapts to different screen sizes', 1, NULL, '2026-02-14 14:07:17'),
(419, 140, 'Design that responds to user clicks', 0, NULL, '2026-02-14 14:07:17'),
(420, 140, 'Fast-loading design', 0, NULL, '2026-02-14 14:07:17'),
(421, 141, 'UI က အမြင်ပိုင်းဒီဇိုင်း၊ UX က အသုံးပြုသူအတွေ့အကြုံနဲ့အသုံးပြုရလွယ်ကူမှုကိုအာရုံစိုက်တယ်', 1, NULL, '2026-02-14 14:07:17'),
(422, 141, 'နှစ်ခုလုံးအတူတူပဲ', 0, NULL, '2026-02-14 14:07:17'),
(423, 141, 'UX က ကုဒ်ရေးတာ၊ UI က ဒီဇိုင်းဆွဲတာ', 0, NULL, '2026-02-14 14:07:17'),
(424, 142, 'သုံးစွဲသူအမျိုးအစားကိုကိုယ်စားပြုတဲ့ စိတ်ကူးယဉ်ဇာတ်ကောင်', 1, NULL, '2026-02-14 14:07:17'),
(425, 142, 'သုံးစွဲသူရဲ့နာမည်အရင်း', 0, NULL, '2026-02-14 14:07:17'),
(426, 142, 'အသုံးပြုသူမျက်နှာပြင်အမျိုးအစား', 0, NULL, '2026-02-14 14:07:17'),
(427, 143, 'ဖွဲ့စည်းပုံကိုအကြမ်းဖျဉ်းဖော်ပြဖို့ အဆင့်နိမ့်ပုံစံများဖန်တီးခြင်း', 1, NULL, '2026-02-14 14:07:17'),
(428, 143, 'မျက်နှာပြင်အတွက်ကုဒ်ရေးခြင်း', 0, NULL, '2026-02-14 14:07:17'),
(429, 143, 'နောက်ဆုံးထုတ်ကုန်ကိုစမ်းသပ်ခြင်း', 0, NULL, '2026-02-14 14:07:17'),
(430, 144, 'အစစ်အမှန်သုံးစွဲသူများနဲ့စမ်းသပ်ပြီး ထုတ်ကုန်ကိုအကဲဖြတ်ခြင်း', 1, NULL, '2026-02-14 14:07:17'),
(431, 144, 'ကုဒ်ထဲက bug တွေရှာဖို့စမ်းသပ်ခြင်း', 0, NULL, '2026-02-14 14:07:17'),
(432, 144, 'အရောင်အစီအစဉ်ကိုစစ်ဆေးခြင်း', 0, NULL, '2026-02-14 14:07:17'),
(433, 145, 'နောက်ဆုံးထုတ်ကုန်၏ အစောပိုင်းနမူနာ သို့မဟုတ် အတုယူမှု', 1, NULL, '2026-02-14 14:07:17'),
(434, 145, 'နောက်ဆုံးထုတ်ကုန်ဒီဇိုင်း', 0, NULL, '2026-02-14 14:07:17'),
(435, 145, 'သုံးစွဲသူသုတေသနစာတမ်း', 0, NULL, '2026-02-14 14:07:17'),
(436, 146, 'ထုတ်ကုန်တစ်ခုအတွင်း အကြောင်းအရာများကိုစုစည်းဖွဲ့စည်းခြင်း', 1, NULL, '2026-02-14 14:07:17'),
(437, 146, 'ထုတ်ကုန်၏အမြင်ဒီဇိုင်း', 0, NULL, '2026-02-14 14:07:17'),
(438, 146, 'ဝဘ်ဆိုက်၏နည်းပညာပိုင်းဆိုင်ရာဖွဲ့စည်းပုံ', 0, NULL, '2026-02-14 14:07:17'),
(439, 147, 'သတ်မှတ်ထားသောအခြေခံမူများကိုသုံးပြီး အသုံးပြုရလွယ်ကူမှုစစ်ဆေးခြင်းနည်းလမ်း', 1, NULL, '2026-02-14 14:07:17'),
(440, 147, 'သုံးစွဲသူအင်တာဗျူးအမျိုးအစား', 0, NULL, '2026-02-14 14:07:17'),
(441, 147, 'စာရင်းအင်းဆိုင်ရာခွဲခြမ်းစိတ်ဖြာမှု', 0, NULL, '2026-02-14 14:07:17'),
(442, 148, 'မသန်စွမ်းသူများအပါအဝင် အားလုံးအသုံးပြုနိုင်စေရန်', 1, NULL, '2026-02-14 14:07:17'),
(443, 148, 'ထုတ်ကုန်ကိုလှပအောင်လုပ်ခြင်း', 0, NULL, '2026-02-14 14:07:17'),
(444, 148, 'ဖွံ့ဖြိုးချိန်မြန်ဆန်စေခြင်း', 0, NULL, '2026-02-14 14:07:17'),
(445, 149, 'ထုတ်ကုန်တစ်ခုနဲ့ သုံးစွဲသူ၏ဆက်သွယ်မှုများကို အမြင်အားဖြင့်ဖော်ပြချက်', 1, NULL, '2026-02-14 14:07:17'),
(446, 149, 'သုံးစွဲသူများနေထိုင်ရာဒေသပြမြေပုံ', 0, NULL, '2026-02-14 14:07:17'),
(447, 149, 'ကုဒ်ရေးခြင်းစီးဆင်းမှုပုံ', 0, NULL, '2026-02-14 14:07:17'),
(448, 150, 'ဒီဇိုင်းနှစ်မျိုးကိုနှိုင်းယှဉ်ပြီး ဘယ်ဟာပိုကောင်းလဲဆိုတာကြည့်ခြင်း', 1, NULL, '2026-02-14 14:07:17'),
(449, 150, 'သုံးစွဲသူနှစ်ယောက်နဲ့စမ်းသပ်ခြင်း', 0, NULL, '2026-02-14 14:07:17'),
(450, 150, 'A နဲ့ B ခလုတ်တွေကိုစမ်းသပ်ခြင်း', 0, NULL, '2026-02-14 14:07:17'),
(451, 151, 'Low-fidelity က ရိုးရှင်းမြန်ဆန်၊ high-fidelity က အသေးစိတ်ပြီး အပြန်အလှန်တုံ့ပြန်နိုင်', 1, NULL, '2026-02-14 14:07:17'),
(452, 151, 'Low-fidelity က မိုဘိုင်းအတွက်၊ high-fidelity က ကွန်ပျူတာအတွက်', 0, NULL, '2026-02-14 14:07:17'),
(453, 151, 'အတူတူပဲ', 0, NULL, '2026-02-14 14:07:17'),
(454, 152, 'သုံးစွဲသူများက အကြောင်းအရာများကိုအမျိုးအစားခွဲပြီး သတင်းအချက်အလက်ဖွဲ့စည်းပုံကိုသိရှိရန်', 1, NULL, '2026-02-14 14:07:17'),
(455, 152, 'ကတ်များနဲ့ကစားသည့်ဂိမ်း', 0, NULL, '2026-02-14 14:07:17'),
(456, 152, 'အမြင်ဒီဇိုင်းကိုစမ်းသပ်သည့်နည်းလမ်း', 0, NULL, '2026-02-14 14:07:17'),
(457, 153, 'ပိုကောင်းတဲ့အတွေ့အကြုံများဖန်တီးရန် သုံးစွဲသူများ၏လိုအပ်ချက်နဲ့ခံစားချက်များကိုနားလည်ခြင်း', 1, NULL, '2026-02-14 14:07:17'),
(458, 153, 'သုံးစွဲသူများကိုသနားခြင်း', 0, NULL, '2026-02-14 14:07:17'),
(459, 153, 'သုံးစွဲသူတုံ့ပြန်ချက်ကိုလျစ်လျူရှုခြင်း', 0, NULL, '2026-02-14 14:07:17'),
(460, 154, 'ပြန်သုံးနိုင်သောအစိတ်အပိုင်းများနှင့်လမ်းညွှန်ချက်များစုစည်းမှု', 1, NULL, '2026-02-14 14:07:17'),
(461, 154, 'ဆော့ဝဲအမျိုးအစား', 0, NULL, '2026-02-14 14:07:17'),
(462, 154, 'ဒီဇိုင်းဖြစ်စဉ်', 0, NULL, '2026-02-14 14:07:17'),
(463, 155, 'စာမျက်နှာကိုအောက်မဆင်းရသေးဘဲမြင်ရသည့်နေရာ', 1, NULL, '2026-02-14 14:07:17'),
(464, 155, 'စာမျက်နှာခေါက်ရာနေရာ', 0, NULL, '2026-02-14 14:07:17'),
(465, 155, 'စာမျက်နှာအောက်ဆုံး', 0, NULL, '2026-02-14 14:07:17'),
(466, 156, 'အရေးပါမှုကိုပြပြီး အာရုံစိုက်မှုလမ်းညွှန်ရန် အစိတ်အပိုင်းများကိုစီစဉ်ခြင်း', 1, NULL, '2026-02-14 14:07:17'),
(467, 156, 'ကုမ္ပဏီ၏အဆင့်ဆင့်', 0, NULL, '2026-02-14 14:07:17'),
(468, 156, 'ကုဒ်ဖွဲ့စည်းပုံ', 0, NULL, '2026-02-14 14:07:17'),
(469, 157, 'အစိတ်အပိုင်းများကိုခွဲခြားသိမြင်နိုင်စေသော အလင်းရောင်ကွာခြားချက်', 1, NULL, '2026-02-14 14:07:17'),
(470, 157, 'အရောင်နှစ်ခုကိုနှိုင်းယှဉ်ခြင်း', 0, NULL, '2026-02-14 14:07:17'),
(471, 157, 'light mode နဲ့ dark mode ကွာခြားချက်', 0, NULL, '2026-02-14 14:07:17'),
(472, 158, 'သုံးစွဲသူကိုလုပ်ဆောင်ချက်တစ်ခုပြုလုပ်ရန် လှုံ့ဆော်သည့်အရာ', 1, NULL, '2026-02-14 14:07:17'),
(473, 158, 'လုပ်ဆောင်ရန်ဖုန်းခေါ်ဆိုမှု', 0, NULL, '2026-02-14 14:07:17'),
(474, 158, 'ခလုတ်အမျိုးအစား', 0, NULL, '2026-02-14 14:07:17'),
(475, 159, 'ရှုပ်ထွေးမှုကိုလျှော့ချပြီး ဖတ်ရှုရလွယ်ကူမှုနှင့်အာရုံစူးစိုက်မှုကိုတိုးတက်စေရန်', 1, NULL, '2026-02-14 14:07:17'),
(476, 159, 'မင်စုစေရန်', 0, NULL, '2026-02-14 14:07:17'),
(477, 159, 'ဒီဇိုင်းကိုလွတ်နေအောင်လုပ်ရန်', 0, NULL, '2026-02-14 14:07:17'),
(478, 160, 'မျက်နှာပြင်အရွယ်အစားအမျိုးမျိုးနဲ့လိုက်လျောညီထွေရှိသောဒီဇိုင်း', 1, NULL, '2026-02-14 14:07:17'),
(479, 160, 'သုံးစွဲသူနှိပ်လိုက်တာနဲ့တုံ့ပြန်တဲ့ဒီဇိုင်း', 0, NULL, '2026-02-14 14:07:17'),
(480, 160, 'မြန်ဆန်စွာဖွင့်နိုင်သောဒီဇိုင်း', 0, NULL, '2026-02-14 14:07:17'),
(481, 161, 'SEO focuses on organic search, SEM includes paid advertising', 1, NULL, '2026-02-14 14:07:17'),
(482, 161, 'They are the same', 0, NULL, '2026-02-14 14:07:17'),
(483, 161, 'SEO is for social media, SEM for email', 0, NULL, '2026-02-14 14:07:17'),
(484, 162, 'Creating valuable content to attract and engage target audience', 1, NULL, '2026-02-14 14:07:17'),
(485, 162, 'Advertising on TV', 0, NULL, '2026-02-14 14:07:17'),
(486, 162, 'Selling content online', 0, NULL, '2026-02-14 14:07:17'),
(487, 163, 'The customer journey from awareness to purchase', 1, NULL, '2026-02-14 14:07:17'),
(488, 163, 'A tool for measuring sales', 0, NULL, '2026-02-14 14:07:17'),
(489, 163, 'A type of advertisement', 0, NULL, '2026-02-14 14:07:17'),
(490, 164, 'Using social platforms to promote products/services', 1, NULL, '2026-02-14 14:07:17'),
(491, 164, 'Marketing through phone calls', 0, NULL, '2026-02-14 14:07:17'),
(492, 164, 'Selling social media accounts', 0, NULL, '2026-02-14 14:07:17'),
(493, 165, 'Personalization, segmentation, and valuable content', 1, NULL, '2026-02-14 14:07:17'),
(494, 165, 'Sending emails every day', 0, NULL, '2026-02-14 14:07:17'),
(495, 165, 'Using the same email for everyone', 0, NULL, '2026-02-14 14:07:17'),
(496, 166, 'An instruction to the audience to take immediate action', 1, NULL, '2026-02-14 14:07:17'),
(497, 166, 'A phone number to call', 0, NULL, '2026-02-14 14:07:17'),
(498, 166, 'A type of advertisement', 0, NULL, '2026-02-14 14:07:17'),
(499, 167, 'Dividing a market into distinct groups based on characteristics', 1, NULL, '2026-02-14 14:07:17'),
(500, 167, 'Combining different markets', 0, NULL, '2026-02-14 14:07:17'),
(501, 167, 'Analyzing competitor markets', 0, NULL, '2026-02-14 14:07:17'),
(502, 168, 'Analyzing Strengths, Weaknesses, Opportunities, Threats', 1, NULL, '2026-02-14 14:07:17'),
(503, 168, 'A type of market research survey', 0, NULL, '2026-02-14 14:07:17'),
(504, 168, 'A software tool for marketing', 0, NULL, '2026-02-14 14:07:17'),
(505, 169, 'B2B sells to businesses, B2C sells to consumers', 1, NULL, '2026-02-14 14:07:17'),
(506, 169, 'B2B is online, B2C is offline', 0, NULL, '2026-02-14 14:07:17'),
(507, 169, 'They are the same', 0, NULL, '2026-02-14 14:07:17'),
(508, 170, 'Partnering with influencers to promote products', 1, NULL, '2026-02-14 14:07:17'),
(509, 170, 'Marketing that influences people', 0, NULL, '2026-02-14 14:07:17'),
(510, 170, 'A type of TV advertisement', 0, NULL, '2026-02-14 14:07:17'),
(511, 171, 'A standalone web page designed for marketing campaigns', 1, NULL, '2026-02-14 14:07:17'),
(512, 171, 'The homepage of a website', 0, NULL, '2026-02-14 14:07:17'),
(513, 171, 'A page where users land after clicking any link', 0, NULL, '2026-02-14 14:07:17'),
(514, 172, 'Improving website to increase percentage of visitors who convert', 1, NULL, '2026-02-14 14:07:17'),
(515, 172, 'Increasing traffic to the website', 0, NULL, '2026-02-14 14:07:17'),
(516, 172, 'Changing currency conversion rates', 0, NULL, '2026-02-14 14:07:17'),
(517, 173, 'Tracking and reporting website traffic and user behavior', 1, NULL, '2026-02-14 14:07:17'),
(518, 173, 'Creating advertisements', 0, NULL, '2026-02-14 14:07:17'),
(519, 173, 'Managing social media accounts', 0, NULL, '2026-02-14 14:07:17'),
(520, 174, 'A semi-fictional representation of ideal customer', 1, NULL, '2026-02-14 14:07:17'),
(521, 174, 'The person who buys the product', 0, NULL, '2026-02-14 14:07:17'),
(522, 174, 'A type of customer survey', 0, NULL, '2026-02-14 14:07:17'),
(523, 175, 'Attention, Interest, Desire, Action', 1, NULL, '2026-02-14 14:07:17'),
(524, 175, 'A type of software', 0, NULL, '2026-02-14 14:07:17'),
(525, 175, 'A marketing agency', 0, NULL, '2026-02-14 14:07:17'),
(526, 176, 'The extent to which consumers recognize a brand', 1, NULL, '2026-02-14 14:07:17'),
(527, 176, 'The brand\'s logo', 0, NULL, '2026-02-14 14:07:17'),
(528, 176, 'The brand\'s price', 0, NULL, '2026-02-14 14:07:17'),
(529, 177, 'Advertisers pay each time a user clicks on their ad', 1, NULL, '2026-02-14 14:07:17'),
(530, 177, 'Paying per view of the ad', 0, NULL, '2026-02-14 14:07:17'),
(531, 177, 'Paying per sale generated', 0, NULL, '2026-02-14 14:07:17'),
(532, 178, 'A coordinated series of marketing activities to achieve a goal', 1, NULL, '2026-02-14 14:07:17'),
(533, 178, 'A single advertisement', 0, NULL, '2026-02-14 14:07:17'),
(534, 178, 'A marketing team meeting', 0, NULL, '2026-02-14 14:07:17'),
(535, 179, 'Comparing two versions to see which performs better', 1, NULL, '2026-02-14 14:07:17'),
(536, 179, 'Testing two different products', 0, NULL, '2026-02-14 14:07:17'),
(537, 179, 'Testing the marketing team', 0, NULL, '2026-02-14 14:07:17'),
(538, 180, 'Content that spreads rapidly through social sharing', 1, NULL, '2026-02-14 14:07:17'),
(539, 180, 'Marketing related to viruses', 0, NULL, '2026-02-14 14:07:17'),
(540, 180, 'A type of email marketing', 0, NULL, '2026-02-14 14:07:17'),
(541, 181, 'SEO က အော်ဂဲနစ်ရှာဖွေမှု၊ SEM မှာ ကြော်ငြာကြေးပေးရတာပါတယ်', 1, NULL, '2026-02-14 14:07:17'),
(542, 181, 'အတူတူပဲ', 0, NULL, '2026-02-14 14:07:17'),
(543, 181, 'SEO က လူမှုကွန်ရက်အတွက်၊ SEM က အီးမေးလ်အတွက်', 0, NULL, '2026-02-14 14:07:17'),
(544, 182, 'ပစ်မှတ်ပရိသတ်ကိုဆွဲဆောင်ရန် တန်ဖိုးရှိအကြောင်းအရာများဖန်တီးခြင်း', 1, NULL, '2026-02-14 14:07:17'),
(545, 182, 'တီဗီမှာကြော်ငြာခြင်း', 0, NULL, '2026-02-14 14:07:17'),
(546, 182, 'အွန်လိုင်းအကြောင်းအရာများရောင်းချခြင်း', 0, NULL, '2026-02-14 14:07:17'),
(547, 183, 'သိရှိခြင်းမှ ဝယ်ယူခြင်းအထိ ဖောက်သည်ခရီးစဉ်', 1, NULL, '2026-02-14 14:07:17'),
(548, 183, 'ရောင်းအားတိုင်းတာသည့်ကိရိယာ', 0, NULL, '2026-02-14 14:07:17'),
(549, 183, 'ကြော်ငြာအမျိုးအစား', 0, NULL, '2026-02-14 14:07:17'),
(550, 184, 'လူမှုကွန်ရက်ပလက်ဖောင်းများသုံးပြီး ထုတ်ကုန်/ဝန်ဆောင်မှုများကြော်ငြာခြင်း', 1, NULL, '2026-02-14 14:07:17'),
(551, 184, 'ဖုန်းခေါ်ဆိုမှုများမှတစ်ဆင့် စျေးကွက်ရှာဖွေခြင်း', 0, NULL, '2026-02-14 14:07:17'),
(552, 184, 'လူမှုကွန်ရက်အကောင့်များရောင်းချခြင်း', 0, NULL, '2026-02-14 14:07:17'),
(553, 185, 'ကိုယ်ပိုင်ပြုလုပ်ခြင်း၊ အုပ်စုခွဲခြင်းနှင့်တန်ဖိုးရှိအကြောင်းအရာများ', 1, NULL, '2026-02-14 14:07:17'),
(554, 185, 'နေ့တိုင်းအီးမေးလ်ပို့ခြင်း', 0, NULL, '2026-02-14 14:07:17'),
(555, 185, 'လူတိုင်းကိုတစ်မျိုးတည်းသောအီးမေးလ်ပို့ခြင်း', 0, NULL, '2026-02-14 14:07:17'),
(556, 186, 'ပရိသတ်ကိုချက်ချင်းလုပ်ဆောင်ရန် ညွှန်ကြားချက်', 1, NULL, '2026-02-14 14:07:17'),
(557, 186, 'ဖုန်းနံပါတ်', 0, NULL, '2026-02-14 14:07:17'),
(558, 186, 'ကြော်ငြာအမျိုးအစား', 0, NULL, '2026-02-14 14:07:17'),
(559, 187, 'စျေးကွက်ကို ဝိသေသလက္ခဏာများအလိုက် အုပ်စုများခွဲခြင်း', 1, NULL, '2026-02-14 14:07:17'),
(560, 187, 'စျေးကွက်များကိုပေါင်းစပ်ခြင်း', 0, NULL, '2026-02-14 14:07:17'),
(561, 187, 'ပြိုင်ဘက်စျေးကွက်များကိုခွဲခြမ်းစိတ်ဖြာခြင်း', 0, NULL, '2026-02-14 14:07:17'),
(562, 188, 'Strengths, Weaknesses, Opportunities, Threats ကိုခွဲခြမ်းစိတ်ဖြာခြင်း', 1, NULL, '2026-02-14 14:07:17'),
(563, 188, 'စျေးကွက်သုတေသနစစ်တမ်းအမျိုးအစား', 0, NULL, '2026-02-14 14:07:17'),
(564, 188, 'စျေးကွက်ရှာဖွေရေးဆော့ဝဲကိရိယာ', 0, NULL, '2026-02-14 14:07:17'),
(565, 189, 'B2B က စီးပွားရေးလုပ်ငန်းများကိုရောင်း၊ B2C က စားသုံးသူများကိုရောင်း', 1, NULL, '2026-02-14 14:07:17'),
(566, 189, 'B2B က အွန်လိုင်း၊ B2C က အော့ဖ်လိုင်း', 0, NULL, '2026-02-14 14:07:17'),
(567, 189, 'အတူတူပဲ', 0, NULL, '2026-02-14 14:07:17'),
(568, 190, 'ထုတ်ကုန်များကြော်ငြာရန် ဩဇာရှိသူများနဲ့ပူးပေါင်းခြင်း', 1, NULL, '2026-02-14 14:07:17'),
(569, 190, 'လူများကိုလွှမ်းမိုးသည့်စျေးကွက်ရှာဖွေခြင်း', 0, NULL, '2026-02-14 14:07:17'),
(570, 190, 'တီဗီကြော်ငြာအမျိုးအစား', 0, NULL, '2026-02-14 14:07:17'),
(571, 191, 'စျေးကွက်ရှာဖွေရေးအတွက် သီးသန့်ဒီဇိုင်းထုတ်ထားသော ဝဘ်စာမျက်နှာ', 1, NULL, '2026-02-14 14:07:17'),
(572, 191, 'ဝဘ်ဆိုက်၏ပင်မစာမျက်နှာ', 0, NULL, '2026-02-14 14:07:17'),
(573, 191, 'လင့်ခ်တစ်ခုခုကိုနှိပ်လိုက်တိုင်းရောက်သောစာမျက်နှာ', 0, NULL, '2026-02-14 14:07:17'),
(574, 192, 'ဝဘ်ဆိုက်သို့လာရောက်သူများ၏ရာခိုင်နှုန်းကိုတိုးတက်အောင်လုပ်ခြင်း', 1, NULL, '2026-02-14 14:07:17'),
(575, 192, 'ဝဘ်ဆိုက်သို့လာရောက်သူအရေအတွက်တိုးခြင်း', 0, NULL, '2026-02-14 14:07:17'),
(576, 192, 'ငွေကြေးလဲလှယ်နှုန်းများပြောင်းလဲခြင်း', 0, NULL, '2026-02-14 14:07:17'),
(577, 193, 'ဝဘ်ဆိုက်လာရောက်သူအရေအတွက်နှင့်အပြုအမူကိုခြေရာခံတိုင်းတာခြင်း', 1, NULL, '2026-02-14 14:07:17'),
(578, 193, 'ကြော်ငြာများဖန်တီးခြင်း', 0, NULL, '2026-02-14 14:07:17'),
(579, 193, 'လူမှုကွန်ရက်အကောင့်များစီမံခြင်း', 0, NULL, '2026-02-14 14:07:17'),
(580, 194, 'စံပြဖောက်သည်၏ စိတ်ကူးယဉ်ကိုယ်စားပြုမှု', 1, NULL, '2026-02-14 14:07:17'),
(581, 194, 'ထုတ်ကုန်ကိုဝယ်ယူသူ', 0, NULL, '2026-02-14 14:07:17'),
(582, 194, 'ဖောက်သည်စစ်တမ်းအမျိုးအစား', 0, NULL, '2026-02-14 14:07:17'),
(583, 195, 'Attention, Interest, Desire, Action', 1, NULL, '2026-02-14 14:07:17'),
(584, 195, 'ဆော့ဝဲအမျိုးအစား', 0, NULL, '2026-02-14 14:07:17'),
(585, 195, 'စျေးကွက်ရှာဖွေရေးအေဂျင်စီ', 0, NULL, '2026-02-14 14:07:17'),
(586, 196, 'စားသုံးသူများ အမှတ်တံဆိပ်တစ်ခုကိုမှတ်မိသည့်အတိုင်းအတာ', 1, NULL, '2026-02-14 14:07:17'),
(587, 196, 'အမှတ်တံဆိပ်၏လိုဂို', 0, NULL, '2026-02-14 14:07:17'),
(588, 196, 'အမှတ်တံဆိပ်၏စျေးနှုန်း', 0, NULL, '2026-02-14 14:07:17');
INSERT INTO `question_answers` (`id`, `question_id`, `answer_text`, `is_correct`, `explanation`, `created_at`) VALUES
(589, 197, 'သုံးစွဲသူတစ်ဦးက ကြော်ငြာကိုနှိပ်တိုင်း ကြော်ငြာရှင်ကပေးရခြင်း', 1, NULL, '2026-02-14 14:07:17'),
(590, 197, 'ကြော်ငြာကိုကြည့်ရှုတိုင်းပေးရခြင်း', 0, NULL, '2026-02-14 14:07:17'),
(591, 197, 'ရောင်းအားရှိမှသာပေးရခြင်း', 0, NULL, '2026-02-14 14:07:17'),
(592, 198, 'ပန်းတိုင်တစ်ခုအောင်မြင်ရန် စျေးကွက်ရှာဖွေရေးလုပ်ဆောင်မှုများ၏ ညှိနှိုင်းဆောင်ရွက်ချက်', 1, NULL, '2026-02-14 14:07:17'),
(593, 198, 'ကြော်ငြာတစ်ခုတည်း', 0, NULL, '2026-02-14 14:07:17'),
(594, 198, 'စျေးကွက်ရှာဖွေရေးအဖွဲ့အစည်းအဝေး', 0, NULL, '2026-02-14 14:07:17'),
(595, 199, 'မည်သည့်ဗားရှင်းပိုကောင်းသည်ကိုသိရန် နှစ်မျိုးနှိုင်းယှဉ်ခြင်း', 1, NULL, '2026-02-14 14:07:17'),
(596, 199, 'ထုတ်ကုန်နှစ်မျိုးကိုစမ်းသပ်ခြင်း', 0, NULL, '2026-02-14 14:07:17'),
(597, 199, 'စျေးကွက်ရှာဖွေရေးအဖွဲ့ကိုစမ်းသပ်ခြင်း', 0, NULL, '2026-02-14 14:07:17'),
(598, 200, 'လူမှုကွန်ရက်မျှဝေခြင်းဖြင့် လျင်မြန်စွာပျံ့နှံ့သောအကြောင်းအရာ', 1, NULL, '2026-02-14 14:07:17'),
(599, 200, 'ဗိုင်းရပ်စ်နှင့်ဆိုင်သော စျေးကွက်ရှာဖွေခြင်း', 0, NULL, '2026-02-14 14:07:17'),
(600, 200, 'အီးမေးလ်စျေးကွက်ရှာဖွေခြင်းအမျိုးအစား', 0, NULL, '2026-02-14 14:07:17'),
(601, 201, 'The process customers go through from awareness to purchase', 1, NULL, '2026-02-14 14:13:56'),
(602, 201, 'A tool for tracking sales calls', 0, NULL, '2026-02-14 14:13:56'),
(603, 201, 'A type of discount structure', 0, NULL, '2026-02-14 14:13:56'),
(604, 202, 'Listen, acknowledge, and address the concern with value', 1, NULL, '2026-02-14 14:13:56'),
(605, 202, 'Ignore them and continue pitching', 0, NULL, '2026-02-14 14:13:56'),
(606, 202, 'Immediately offer a discount', 0, NULL, '2026-02-14 14:13:56'),
(607, 203, 'Managing customer relationships and sales data', 1, NULL, '2026-02-14 14:13:56'),
(608, 203, 'Creating invoices', 0, NULL, '2026-02-14 14:13:56'),
(609, 203, 'Designing marketing materials', 0, NULL, '2026-02-14 14:13:56'),
(610, 204, 'Communication, negotiation, product knowledge, persistence', 1, NULL, '2026-02-14 14:13:56'),
(611, 204, 'Coding, graphic design, accounting', 0, NULL, '2026-02-14 14:13:56'),
(612, 204, 'Public speaking only', 0, NULL, '2026-02-14 14:13:56'),
(613, 205, 'Trust, regular follow-ups, understanding their needs', 1, NULL, '2026-02-14 14:13:56'),
(614, 205, 'Only contacting them when you have a new product', 0, NULL, '2026-02-14 14:13:56'),
(615, 205, 'Sending them daily emails', 0, NULL, '2026-02-14 14:13:56'),
(616, 206, 'A potential customer who has shown interest', 1, NULL, '2026-02-14 14:13:56'),
(617, 206, 'A customer who has already purchased', 0, NULL, '2026-02-14 14:13:56'),
(618, 206, 'A sales manager', 0, NULL, '2026-02-14 14:13:56'),
(619, 207, 'Warm leads have shown interest; cold leads haven\'t', 1, NULL, '2026-02-14 14:13:56'),
(620, 207, 'Warm leads are from hot countries', 0, NULL, '2026-02-14 14:13:56'),
(621, 207, 'Cold leads are better than warm leads', 0, NULL, '2026-02-14 14:13:56'),
(622, 208, 'Situation, Problem, Implication, Need-payoff questions', 1, NULL, '2026-02-14 14:13:56'),
(623, 208, 'A spinning presentation', 0, NULL, '2026-02-14 14:13:56'),
(624, 208, 'A type of sales contest', 0, NULL, '2026-02-14 14:13:56'),
(625, 209, 'A persuasive presentation to convince a prospect to buy', 1, NULL, '2026-02-14 14:13:56'),
(626, 209, 'A type of sports equipment', 0, NULL, '2026-02-14 14:13:56'),
(627, 209, 'A discount offer', 0, NULL, '2026-02-14 14:13:56'),
(628, 210, 'Ask for the order and handle final objections', 1, NULL, '2026-02-14 14:13:56'),
(629, 210, 'Walk away from the customer', 0, NULL, '2026-02-14 14:13:56'),
(630, 210, 'Lower the price repeatedly', 0, NULL, '2026-02-14 14:13:56'),
(631, 211, 'Encouraging customers to buy a more expensive item', 1, NULL, '2026-02-14 14:13:56'),
(632, 211, 'Selling to customers on the phone', 0, NULL, '2026-02-14 14:13:56'),
(633, 211, 'Giving a free gift', 0, NULL, '2026-02-14 14:13:56'),
(634, 212, 'Suggesting related products to complement a purchase', 1, NULL, '2026-02-14 14:13:56'),
(635, 212, 'Selling across different countries', 0, NULL, '2026-02-14 14:13:56'),
(636, 212, 'Selling in bulk', 0, NULL, '2026-02-14 14:13:56'),
(637, 213, 'A specific goal for revenue or units sold', 1, NULL, '2026-02-14 14:13:56'),
(638, 213, 'The target audience', 0, NULL, '2026-02-14 14:13:56'),
(639, 213, 'A type of sales report', 0, NULL, '2026-02-14 14:13:56'),
(640, 214, 'It builds credibility and helps address customer questions', 1, NULL, '2026-02-14 14:13:56'),
(641, 214, 'It’s not important if you have good persuasion skills', 0, NULL, '2026-02-14 14:13:56'),
(642, 214, 'It only matters for technical products', 0, NULL, '2026-02-14 14:13:56'),
(643, 215, 'A minimum performance target set for a salesperson', 1, NULL, '2026-02-14 14:13:56'),
(644, 215, 'The maximum number of customers allowed', 0, NULL, '2026-02-14 14:13:56'),
(645, 215, 'A type of sales territory', 0, NULL, '2026-02-14 14:13:56'),
(646, 216, 'Learn from it and move on to the next prospect', 1, NULL, '2026-02-14 14:13:56'),
(647, 216, 'Take it personally and give up', 0, NULL, '2026-02-14 14:13:56'),
(648, 216, 'Argue with the customer', 0, NULL, '2026-02-14 14:13:56'),
(649, 217, 'Visual representation of prospects at different stages', 1, NULL, '2026-02-14 14:13:56'),
(650, 217, 'A physical pipe for sales documents', 0, NULL, '2026-02-14 14:13:56'),
(651, 217, 'A type of inventory system', 0, NULL, '2026-02-14 14:13:56'),
(652, 218, 'B2B sells to businesses, B2C sells to consumers', 1, NULL, '2026-02-14 14:13:56'),
(653, 218, 'B2B is online only', 0, NULL, '2026-02-14 14:13:56'),
(654, 218, 'B2C involves longer sales cycles', 0, NULL, '2026-02-14 14:13:56'),
(655, 219, 'Acting as an advisor to solve customer problems', 1, NULL, '2026-02-14 14:13:56'),
(656, 219, 'Selling consulting services', 0, NULL, '2026-02-14 14:13:56'),
(657, 219, 'Asking a lot of questions without listening', 0, NULL, '2026-02-14 14:13:56'),
(658, 220, 'Based on potential value, urgency, and fit', 1, NULL, '2026-02-14 14:13:56'),
(659, 220, 'By alphabetical order', 0, NULL, '2026-02-14 14:13:56'),
(660, 220, 'By who calls first', 0, NULL, '2026-02-14 14:13:56'),
(661, 221, 'ဖောက်သည်များ သိရှိခြင်းမှ ဝယ်ယူခြင်းအထိ ဖြတ်သန်းသည့် လုပ်ငန်းစဉ်', 1, NULL, '2026-02-14 14:13:56'),
(662, 221, 'အရောင်းခေါ်ဆိုမှုများကိုခြေရာခံသည့်ကိရိယာ', 0, NULL, '2026-02-14 14:13:56'),
(663, 221, 'လျှော့စျေးပေးသည့်ပုံစံ', 0, NULL, '2026-02-14 14:13:56'),
(664, 222, 'နားထောင်ပါ၊ အသိအမှတ်ပြုပါ၊ တန်ဖိုးနှင့်တုံ့ပြန်ပါ', 1, NULL, '2026-02-14 14:13:56'),
(665, 222, 'လျစ်လျူရှုပြီး ဆက်ရောင်းပါ', 0, NULL, '2026-02-14 14:13:56'),
(666, 222, 'ချက်ချင်းလျှော့စျေးပေးပါ', 0, NULL, '2026-02-14 14:13:56'),
(667, 223, 'ဖောက်သည်ဆက်ဆံရေးနှင့်အရောင်းဒေတာများကိုစီမံရန်', 1, NULL, '2026-02-14 14:13:56'),
(668, 223, 'ငွေတောင်းခံလွှာများဖန်တီးရန်', 0, NULL, '2026-02-14 14:13:56'),
(669, 223, 'စျေးကွက်ရှာဖွေရေးပစ္စည်းများဒီဇိုင်းဆွဲရန်', 0, NULL, '2026-02-14 14:13:56'),
(670, 224, 'ဆက်သွယ်ရေး၊ ညှိနှိုင်းရေး၊ ထုတ်ကုန်အသိပညာ၊ ဇွဲရှိမှု', 1, NULL, '2026-02-14 14:13:56'),
(671, 224, 'ကုဒ်ရေးခြင်း၊ ဂရပ်ဖစ်ဒီဇိုင်း၊ စာရင်းကိုင်ခြင်း', 0, NULL, '2026-02-14 14:13:56'),
(672, 224, 'လူထုဟောပြောခြင်းတစ်မျိုးတည်း', 0, NULL, '2026-02-14 14:13:56'),
(673, 225, 'ယုံကြည်မှု၊ ပုံမှန်နောက်ဆက်တွဲဆက်သွယ်မှု၊ သူတို့၏လိုအပ်ချက်များကိုနားလည်ခြင်း', 1, NULL, '2026-02-14 14:13:56'),
(674, 225, 'ထုတ်ကုန်အသစ်ရှိမှသာ ဆက်သွယ်ခြင်း', 0, NULL, '2026-02-14 14:13:56'),
(675, 225, 'နေ့စဉ်အီးမေးလ်များပို့ခြင်း', 0, NULL, '2026-02-14 14:13:56'),
(676, 226, 'စိတ်ဝင်စားမှုပြထားသည့် အလားအလာရှိဖောက်သည်', 1, NULL, '2026-02-14 14:13:56'),
(677, 226, 'ဝယ်ယူပြီးသားဖောက်သည်', 0, NULL, '2026-02-14 14:13:56'),
(678, 226, 'အရောင်းမန်နေဂျာ', 0, NULL, '2026-02-14 14:13:56'),
(679, 227, 'Warm lead က စိတ်ဝင်စားမှုပြထား၊ cold lead က မပြထားဘူး', 1, NULL, '2026-02-14 14:13:56'),
(680, 227, 'Warm lead က ပူတဲ့နိုင်ငံကလာတာ', 0, NULL, '2026-02-14 14:13:56'),
(681, 227, 'Cold lead က warm lead ထက်ပိုကောင်းတယ်', 0, NULL, '2026-02-14 14:13:56'),
(682, 228, 'Situation, Problem, Implication, Need-payoff မေးခွန်းများ', 1, NULL, '2026-02-14 14:13:56'),
(683, 228, 'လည်နေသည့်တင်ဆက်မှု', 0, NULL, '2026-02-14 14:13:56'),
(684, 228, 'အရောင်းပြိုင်ပွဲအမျိုးအစား', 0, NULL, '2026-02-14 14:13:56'),
(685, 229, 'အလားအလာရှိသူကိုဝယ်ရန်ဆွဲဆောင်သည့် ဆွဲဆောင်မှုရှိတင်ဆက်မှု', 1, NULL, '2026-02-14 14:13:56'),
(686, 229, 'အားကစားပစ္စည်းအမျိုးအစား', 0, NULL, '2026-02-14 14:13:56'),
(687, 229, 'လျှော့စျေးကမ်းလှမ်းမှု', 0, NULL, '2026-02-14 14:13:56'),
(688, 230, 'အော်ဒါကိုတောင်းပြီး နောက်ဆုံးကန့်ကွက်ချက်များကိုကိုင်တွယ်ပါ', 1, NULL, '2026-02-14 14:13:56'),
(689, 230, 'ဖောက်သည်ဆီကထွက်သွားပါ', 0, NULL, '2026-02-14 14:13:56'),
(690, 230, 'ထပ်ခါတလဲလဲစျေးချပါ', 0, NULL, '2026-02-14 14:13:56'),
(691, 231, 'ဖောက်သည်ကို ပိုစျေးကြီးသည့်ပစ္စည်းဝယ်ရန် အားပေးခြင်း', 1, NULL, '2026-02-14 14:13:56'),
(692, 231, 'ဖုန်းဖြင့်ဖောက်သည်များကိုရောင်းခြင်း', 0, NULL, '2026-02-14 14:13:56'),
(693, 231, 'လက်ဆောင်အခမဲ့ပေးခြင်း', 0, NULL, '2026-02-14 14:13:56'),
(694, 232, 'ဝယ်ယူမှုနှင့်ဆက်စပ်သည့်ထုတ်ကုန်များကိုအကြံပြုခြင်း', 1, NULL, '2026-02-14 14:13:56'),
(695, 232, 'နိုင်ငံအမျိုးမျိုးသို့ရောင်းချခြင်း', 0, NULL, '2026-02-14 14:13:56'),
(696, 232, 'အမြောက်အမြားရောင်းချခြင်း', 0, NULL, '2026-02-14 14:13:56'),
(697, 233, 'ဝင်ငွေ သို့မဟုတ် ရောင်းအားအတွက် သတ်မှတ်ထားသည့်ပန်းတိုင်', 1, NULL, '2026-02-14 14:13:56'),
(698, 233, 'ပစ်မှတ်ပရိသတ်', 0, NULL, '2026-02-14 14:13:56'),
(699, 233, 'အရောင်းအစီရင်ခံစာအမျိုးအစား', 0, NULL, '2026-02-14 14:13:56'),
(700, 234, 'ယုံကြည်စိတ်ချရမှုကိုတည်ဆောက်ပြီး ဖောက်သည်မေးခွန်းများကိုဖြေဆိုနိုင်သည်', 1, NULL, '2026-02-14 14:13:56'),
(701, 234, 'ဆွဲဆောင်နိုင်စွမ်းရှိရင် အရေးမကြီးဘူး', 0, NULL, '2026-02-14 14:13:56'),
(702, 234, 'နည်းပညာထုတ်ကုန်များအတွက်သာအရေးကြီးတယ်', 0, NULL, '2026-02-14 14:13:56'),
(703, 235, 'အရောင်းဝန်ထမ်းတစ်ဦးအတွက် သတ်မှတ်ထားသော အနည်းဆုံးစွမ်းဆောင်ရည်ပန်းတိုင်', 1, NULL, '2026-02-14 14:13:56'),
(704, 235, 'ခွင့်ပြုထားသော ဖောက်သည်အများဆုံးအရေအတွက်', 0, NULL, '2026-02-14 14:13:56'),
(705, 235, 'အရောင်းနယ်မြေအမျိုးအစား', 0, NULL, '2026-02-14 14:13:56'),
(706, 236, 'သင်ခန်းစာယူပြီး နောက်အလားအလာရှိသူဆီဆက်သွားပါ', 1, NULL, '2026-02-14 14:13:56'),
(707, 236, 'ကိုယ်ရေးကိုယ်တာယူပြီး အရှုံးပေးလိုက်ပါ', 0, NULL, '2026-02-14 14:13:56'),
(708, 236, 'ဖောက်သည်နှင့်ငြင်းခုန်ပါ', 0, NULL, '2026-02-14 14:13:56'),
(709, 237, 'အဆင့်အမျိုးမျိုးရှိ အလားအလာရှိသူများကို အမြင်အားဖြင့်ဖော်ပြချက်', 1, NULL, '2026-02-14 14:13:56'),
(710, 237, 'အရောင်းစာရွက်စာတမ်းများအတွက်ရုပ်ပိုင်းပိုက်လိုင်း', 0, NULL, '2026-02-14 14:13:56'),
(711, 237, 'စာရင်းစနစ်အမျိုးအစား', 0, NULL, '2026-02-14 14:13:56'),
(712, 238, 'B2B က စီးပွားရေးလုပ်ငန်းများကိုရောင်း၊ B2C က စားသုံးသူများကိုရောင်း', 1, NULL, '2026-02-14 14:13:56'),
(713, 238, 'B2B က အွန်လိုင်းတစ်မျိုးတည်းသာ', 0, NULL, '2026-02-14 14:13:56'),
(714, 238, 'B2C က အရောင်းသံသရာပိုရှည်တယ်', 0, NULL, '2026-02-14 14:13:56'),
(715, 239, 'ဖောက်သည်ပြဿနာများဖြေရှင်းရန် အတိုင်ပင်ခံအဖြစ်ဆောင်ရွက်ခြင်း', 1, NULL, '2026-02-14 14:13:56'),
(716, 239, 'အတိုင်ပင်ခံဝန်ဆောင်မှုများရောင်းခြင်း', 0, NULL, '2026-02-14 14:13:56'),
(717, 239, 'နားမထောင်ဘဲမေးခွန်းများစွာမေးခြင်း', 0, NULL, '2026-02-14 14:13:56'),
(718, 240, 'အလားအလာတန်ဖိုး၊ အရေးတကြီးလိုအပ်မှုနှင့် ကိုက်ညီမှုအပေါ်မူတည်ပြီး', 1, NULL, '2026-02-14 14:13:56'),
(719, 240, 'အက္ခရာစဉ်အလိုက်', 0, NULL, '2026-02-14 14:13:56'),
(720, 240, 'ဘယ်သူအရင်ခေါ်လဲဆိုတာပေါ်မူတည်ပြီး', 0, NULL, '2026-02-14 14:13:56'),
(721, 241, 'Sourcing, screening, interviewing, and hiring candidates', 1, NULL, '2026-02-14 14:13:56'),
(722, 241, 'Firing employees', 0, NULL, '2026-02-14 14:13:56'),
(723, 241, 'Managing payroll only', 0, NULL, '2026-02-14 14:13:56'),
(724, 242, 'Structured, unstructured, behavioral, panel, etc.', 1, NULL, '2026-02-14 14:13:56'),
(725, 242, 'Only one type: face-to-face', 0, NULL, '2026-02-14 14:13:56'),
(726, 242, 'Phone interviews only', 0, NULL, '2026-02-14 14:13:56'),
(727, 243, 'Systematic evaluation of employee performance', 1, NULL, '2026-02-14 14:13:56'),
(728, 243, 'A type of salary increase', 0, NULL, '2026-02-14 14:13:56'),
(729, 243, 'Employee\'s opinion of the company', 0, NULL, '2026-02-14 14:13:56'),
(730, 244, 'Process of integrating new hires into the company', 1, NULL, '2026-02-14 14:13:56'),
(731, 244, 'Firing new employees', 0, NULL, '2026-02-14 14:13:56'),
(732, 244, 'Training existing employees', 0, NULL, '2026-02-14 14:13:56'),
(733, 245, 'Creating an environment where all employees feel valued', 1, NULL, '2026-02-14 14:13:56'),
(734, 245, 'Hiring only people from different countries', 0, NULL, '2026-02-14 14:13:56'),
(735, 245, 'Making everyone the same', 0, NULL, '2026-02-14 14:13:56'),
(736, 246, 'Software for managing HR data and processes', 1, NULL, '2026-02-14 14:13:56'),
(737, 246, 'A type of employee survey', 0, NULL, '2026-02-14 14:13:56'),
(738, 246, 'A recruitment agency', 0, NULL, '2026-02-14 14:13:56'),
(739, 247, 'Outline duties, responsibilities, and qualifications for a role', 1, NULL, '2026-02-14 14:13:56'),
(740, 247, 'Describe the company history', 0, NULL, '2026-02-14 14:13:56'),
(741, 247, 'A form for employee complaints', 0, NULL, '2026-02-14 14:13:56'),
(742, 248, 'The level of commitment and involvement employees have', 1, NULL, '2026-02-14 14:13:56'),
(743, 248, 'How many hours employees work', 0, NULL, '2026-02-14 14:13:56'),
(744, 248, 'Employee salary satisfaction', 0, NULL, '2026-02-14 14:13:56'),
(745, 249, 'Training is job-specific, development is career-focused', 1, NULL, '2026-02-14 14:13:56'),
(746, 249, 'They are the same', 0, NULL, '2026-02-14 14:13:56'),
(747, 249, 'Development is for managers only', 0, NULL, '2026-02-14 14:13:56'),
(748, 250, 'Feedback from peers, subordinates, and supervisors', 1, NULL, '2026-02-14 14:13:56'),
(749, 250, 'Feedback from 360 people', 0, NULL, '2026-02-14 14:13:56'),
(750, 250, 'A type of performance review done once a year', 0, NULL, '2026-02-14 14:13:56'),
(751, 251, 'Attracting, developing, and retaining skilled employees', 1, NULL, '2026-02-14 14:13:56'),
(752, 251, 'Managing employee salaries', 0, NULL, '2026-02-14 14:13:56'),
(753, 251, 'Hiring temporary workers', 0, NULL, '2026-02-14 14:13:56'),
(754, 252, 'Ensuring company follows labor laws and regulations', 1, NULL, '2026-02-14 14:13:56'),
(755, 252, 'Writing company policies', 0, NULL, '2026-02-14 14:13:56'),
(756, 252, 'Conducting employee performance reviews', 0, NULL, '2026-02-14 14:13:56'),
(757, 253, 'A document outlining steps for an underperforming employee', 1, NULL, '2026-02-14 14:13:56'),
(758, 253, 'A plan to improve company profits', 0, NULL, '2026-02-14 14:13:56'),
(759, 253, 'A type of bonus scheme', 0, NULL, '2026-02-14 14:13:56'),
(760, 254, 'The rate at which employees leave the company', 1, NULL, '2026-02-14 14:13:56'),
(761, 254, 'Employees working in shifts', 0, NULL, '2026-02-14 14:13:56'),
(762, 254, 'Employee rotation between departments', 0, NULL, '2026-02-14 14:13:56'),
(763, 255, 'An interview to understand why employees stay', 1, NULL, '2026-02-14 14:13:56'),
(764, 255, 'An interview with departing employees', 0, NULL, '2026-02-14 14:13:56'),
(765, 255, 'A type of job interview', 0, NULL, '2026-02-14 14:13:56'),
(766, 256, 'HR is strategic; personnel management is administrative', 1, NULL, '2026-02-14 14:13:56'),
(767, 256, 'They are the same', 0, NULL, '2026-02-14 14:13:56'),
(768, 256, 'Personnel management is modern, HR is old', 0, NULL, '2026-02-14 14:13:56'),
(769, 257, 'Determining the relative worth of a job for pay purposes', 1, NULL, '2026-02-14 14:13:56'),
(770, 257, 'Evaluating how well an employee does their job', 0, NULL, '2026-02-14 14:13:56'),
(771, 257, 'A type of interview', 0, NULL, '2026-02-14 14:13:56'),
(772, 258, 'Gather feedback from departing employees', 1, NULL, '2026-02-14 14:13:56'),
(773, 258, 'To convince them to stay', 0, NULL, '2026-02-14 14:13:56'),
(774, 258, 'To finalize their last paycheck', 0, NULL, '2026-02-14 14:13:56'),
(775, 259, 'A set of skills and behaviors required for a role', 1, NULL, '2026-02-14 14:13:56'),
(776, 259, 'A type of training program', 0, NULL, '2026-02-14 14:13:56'),
(777, 259, 'An employee ranking system', 0, NULL, '2026-02-14 14:13:56'),
(778, 260, 'Using data to make HR decisions', 1, NULL, '2026-02-14 14:13:56'),
(779, 260, 'Analyzing employee satisfaction', 0, NULL, '2026-02-14 14:13:56'),
(780, 260, 'A software for payroll', 0, NULL, '2026-02-14 14:13:56'),
(781, 261, 'ရှာဖွေခြင်း၊ စစ်ဆေးခြင်း၊ တွေ့ဆုံမေးမြန်းခြင်းနှင့်ခန့်အပ်ခြင်း', 1, NULL, '2026-02-14 14:13:56'),
(782, 261, 'ဝန်ထမ်းများကိုအလုပ်ဖြုတ်ခြင်း', 0, NULL, '2026-02-14 14:13:56'),
(783, 261, 'လစာချက်လက်မှတ်ထုတ်ခြင်းသက်သက်', 0, NULL, '2026-02-14 14:13:56'),
(784, 262, 'စနစ်ကျသော၊ စနစ်မကျသော၊ အပြုအမူဆိုင်ရာ၊ အဖွဲ့လိုက်စသည်', 1, NULL, '2026-02-14 14:13:56'),
(785, 262, 'တစ်မျိုးတည်းသာရှိတယ်: မျက်နှာချင်းဆိုင်', 0, NULL, '2026-02-14 14:13:56'),
(786, 262, 'ဖုန်းအင်တာဗျူးတစ်မျိုးတည်း', 0, NULL, '2026-02-14 14:13:56'),
(787, 263, 'ဝန်ထမ်းစွမ်းဆောင်ရည်ကိုစနစ်တကျအကဲဖြတ်ခြင်း', 1, NULL, '2026-02-14 14:13:56'),
(788, 263, 'လစာတိုးခြင်းအမျိုးအစား', 0, NULL, '2026-02-14 14:13:56'),
(789, 263, 'ကုမ္ပဏီအပေါ်ဝန်ထမ်း၏ထင်မြင်ချက်', 0, NULL, '2026-02-14 14:13:56'),
(790, 264, 'ဝန်ထမ်းအသစ်များကိုကုမ္ပဏီတွင်းသို့ပေါင်းစည်းခြင်းလုပ်ငန်းစဉ်', 1, NULL, '2026-02-14 14:13:56'),
(791, 264, 'ဝန်ထမ်းအသစ်များကိုအလုပ်ဖြုတ်ခြင်း', 0, NULL, '2026-02-14 14:13:56'),
(792, 264, 'လက်ရှိဝန်ထမ်းများကိုလေ့ကျင့်ခြင်း', 0, NULL, '2026-02-14 14:13:56'),
(793, 265, 'ဝန်ထမ်းအားလုံးတန်ဖိုးထားခံရသည့်ပတ်ဝန်းကျင်ဖန်တီးခြင်း', 1, NULL, '2026-02-14 14:13:56'),
(794, 265, 'နိုင်ငံခြားသားများကိုသာငှားရမ်းခြင်း', 0, NULL, '2026-02-14 14:13:56'),
(795, 265, 'လူတိုင်းကိုတစ်မျိုးတည်းဖြစ်အောင်လုပ်ခြင်း', 0, NULL, '2026-02-14 14:13:56'),
(796, 266, 'HR ဒေတာနှင့်လုပ်ငန်းစဉ်များစီမံရန်ဆော့ဝဲ', 1, NULL, '2026-02-14 14:13:56'),
(797, 266, 'ဝန်ထမ်းစစ်တမ်းအမျိုးအစား', 0, NULL, '2026-02-14 14:13:56'),
(798, 266, 'အလုပ်အကိုင်အကျိုးဆောင်အေဂျင်စီ', 0, NULL, '2026-02-14 14:13:56'),
(799, 267, 'ရာထူးတစ်ခုအတွက်တာဝန်များ၊ လုပ်ငန်းဆောင်တာများနှင့်အရည်အချင်းများကိုဖော်ပြရန်', 1, NULL, '2026-02-14 14:13:56'),
(800, 267, 'ကုမ္ပဏီသမိုင်းကိုဖော်ပြရန်', 0, NULL, '2026-02-14 14:13:56'),
(801, 267, 'ဝန်ထမ်းတိုင်ကြားချက်များအတွက်ပုံစံ', 0, NULL, '2026-02-14 14:13:56'),
(802, 268, 'ဝန်ထမ်းများ၏ကတိကဝတ်နှင့်ပါဝင်မှုအဆင့်', 1, NULL, '2026-02-14 14:13:56'),
(803, 268, 'ဝန်ထမ်းများအလုပ်ချိန်မည်မျှ', 0, NULL, '2026-02-14 14:13:56'),
(804, 268, 'ဝန်ထမ်းလစာကျေနပ်မှု', 0, NULL, '2026-02-14 14:13:56'),
(805, 269, 'Training က အလုပ်အတွက်သတ်သတ်မှတ်မှတ်၊ development က အသက်မွေးဝမ်းကျောင်းအတွက်', 1, NULL, '2026-02-14 14:13:56'),
(806, 269, 'အတူတူပဲ', 0, NULL, '2026-02-14 14:13:56'),
(807, 269, 'Development က မန်နေဂျာများအတွက်သာ', 0, NULL, '2026-02-14 14:13:56'),
(808, 270, 'လုပ်ဖော်ကိုင်ဖက်များ၊ လက်အောက်ငယ်သားများနှင့်အထက်အရာရှိများထံမှတုံ့ပြန်ချက်', 1, NULL, '2026-02-14 14:13:56'),
(809, 270, 'လူ ၃၆၀ ထံမှတုံ့ပြန်ချက်', 0, NULL, '2026-02-14 14:13:56'),
(810, 270, 'တစ်နှစ်တစ်ကြိမ်လုပ်သောစွမ်းဆောင်ရည်သုံးသပ်ချက်အမျိုးအစား', 0, NULL, '2026-02-14 14:13:56'),
(811, 271, 'ကျွမ်းကျင်ဝန်ထမ်းများကိုဆွဲဆောင်ခြင်း၊ ဖွံ့ဖြိုးတိုးတက်ခြင်းနှင့်ထိန်းသိမ်းခြင်း', 1, NULL, '2026-02-14 14:13:56'),
(812, 271, 'ဝန်ထမ်းလစာများကိုစီမံခြင်း', 0, NULL, '2026-02-14 14:13:56'),
(813, 271, 'ယာယီဝန်ထမ်းများငှားရမ်းခြင်း', 0, NULL, '2026-02-14 14:13:56'),
(814, 272, 'ကုမ္ပဏီသည်အလုပ်သမားဥပဒေများကိုလိုက်နာကြောင်းသေချာစေခြင်း', 1, NULL, '2026-02-14 14:13:56'),
(815, 272, 'ကုမ္ပဏီမူဝါဒများရေးသားခြင်း', 0, NULL, '2026-02-14 14:13:56'),
(816, 272, 'ဝန်ထမ်းစွမ်းဆောင်ရည်သုံးသပ်ခြင်းများပြုလုပ်ခြင်း', 0, NULL, '2026-02-14 14:13:56'),
(817, 273, 'စွမ်းဆောင်ရည်နိမ့်ဝန်ထမ်းအတွက်အဆင့်များဖော်ပြသည့်စာရွက်စာတမ်း', 1, NULL, '2026-02-14 14:13:56'),
(818, 273, 'ကုမ္ပဏီအမြတ်တိုးရန်အစီအစဉ်', 0, NULL, '2026-02-14 14:13:56'),
(819, 273, 'ဆုကြေးပေးစနစ်အမျိုးအစား', 0, NULL, '2026-02-14 14:13:56'),
(820, 274, 'ဝန်ထမ်းများကုမ္ပဏီမှထွက်ခွာနှုန်း', 1, NULL, '2026-02-14 14:13:56'),
(821, 274, 'ဝန်ထမ်းများအဆိုင်းလိုက်အလုပ်လုပ်ခြင်း', 0, NULL, '2026-02-14 14:13:56'),
(822, 274, 'ဌာနများအကြားဝန်ထမ်းလှည့်ခြင်း', 0, NULL, '2026-02-14 14:13:56'),
(823, 275, 'ဝန်ထမ်းများအဘယ်ကြောင့်ဆက်နေသည်ကိုနားလည်ရန်အင်တာဗျူး', 1, NULL, '2026-02-14 14:13:56'),
(824, 275, 'ထွက်ခွာမည့်ဝန်ထမ်းများနှင့်အင်တာဗျူး', 0, NULL, '2026-02-14 14:13:56'),
(825, 275, 'အလုပ်အင်တာဗျူးအမျိုးအစား', 0, NULL, '2026-02-14 14:13:56'),
(826, 276, 'HR က မဟာဗျူဟာကျ၊ personnel management က စီမံခန့်ခွဲရေးဆန်တယ်', 1, NULL, '2026-02-14 14:13:56'),
(827, 276, 'အတူတူပဲ', 0, NULL, '2026-02-14 14:13:56'),
(828, 276, 'Personnel management က ခေတ်မီ၊ HR က ခေတ်နောက်ကျ', 0, NULL, '2026-02-14 14:13:56'),
(829, 277, 'လစာသတ်မှတ်ရန်အတွက် အလုပ်၏တန်ဖိုးကိုဆုံးဖြတ်ခြင်း', 1, NULL, '2026-02-14 14:13:56'),
(830, 277, 'ဝန်ထမ်းတစ်ဦးအလုပ်ကောင်းကောင်းလုပ်သည်ကိုအကဲဖြတ်ခြင်း', 0, NULL, '2026-02-14 14:13:56'),
(831, 277, 'အင်တာဗျူးအမျိုးအစား', 0, NULL, '2026-02-14 14:13:56'),
(832, 278, 'ထွက်ခွာမည့်ဝန်ထမ်းထံမှတုံ့ပြန်ချက်စုဆောင်းရန်', 1, NULL, '2026-02-14 14:13:56'),
(833, 278, 'သူတို့ကိုဆက်နေရန်ဆွဲဆောင်ရန်', 0, NULL, '2026-02-14 14:13:56'),
(834, 278, 'နောက်ဆုံးလစာချက်လက်မှတ်အပြီးသတ်ရန်', 0, NULL, '2026-02-14 14:13:56'),
(835, 279, 'ရာထူးတစ်ခုအတွက်လိုအပ်သောကျွမ်းကျင်မှုနှင့်အပြုအမူများအစု', 1, NULL, '2026-02-14 14:13:56'),
(836, 279, 'လေ့ကျင့်ရေးအစီအစဉ်အမျိုးအစား', 0, NULL, '2026-02-14 14:13:56'),
(837, 279, 'ဝန်ထမ်းအဆင့်သတ်မှတ်ခြင်းစနစ်', 0, NULL, '2026-02-14 14:13:56'),
(838, 280, 'HR ဆုံးဖြတ်ချက်များချရန်ဒေတာကိုအသုံးပြုခြင်း', 1, NULL, '2026-02-14 14:13:56'),
(839, 280, 'ဝန်ထမ်းကျေနပ်မှုကိုခွဲခြမ်းစိတ်ဖြာခြင်း', 0, NULL, '2026-02-14 14:13:56'),
(840, 280, 'လစာချက်လက်မှတ်အတွက်ဆော့ဝဲ', 0, NULL, '2026-02-14 14:13:56'),
(841, 281, 'Evaluating financial statements to make decisions', 1, NULL, '2026-02-14 14:13:56'),
(842, 281, 'Creating financial statements', 0, NULL, '2026-02-14 14:13:56'),
(843, 281, 'Auditing financial statements', 0, NULL, '2026-02-14 14:13:56'),
(844, 282, 'Cash flow is actual cash movement; profit is accounting measure', 1, NULL, '2026-02-14 14:13:56'),
(845, 282, 'They are the same', 0, NULL, '2026-02-14 14:13:56'),
(846, 282, 'Profit is cash flow minus expenses', 0, NULL, '2026-02-14 14:13:56'),
(847, 283, 'Return on Investment: (Net Profit / Cost of Investment) × 100', 1, NULL, '2026-02-14 14:13:56'),
(848, 283, 'Revenue minus expenses', 0, NULL, '2026-02-14 14:13:56'),
(849, 283, 'Total assets divided by liabilities', 0, NULL, '2026-02-14 14:13:56'),
(850, 284, 'Planning future income and expenses', 1, NULL, '2026-02-14 14:13:56'),
(851, 284, 'Tracking past expenses', 0, NULL, '2026-02-14 14:13:56'),
(852, 284, 'Calculating taxes', 0, NULL, '2026-02-14 14:13:56'),
(853, 285, 'Liquidity, profitability, efficiency, solvency ratios', 1, NULL, '2026-02-14 14:13:56'),
(854, 285, 'Only profitability ratios', 0, NULL, '2026-02-14 14:13:56'),
(855, 285, 'Revenue and expense ratios', 0, NULL, '2026-02-14 14:13:56'),
(856, 286, 'Statement showing assets, liabilities, and equity', 1, NULL, '2026-02-14 14:13:56'),
(857, 286, 'Statement of cash flows', 0, NULL, '2026-02-14 14:13:56'),
(858, 286, 'Income statement', 0, NULL, '2026-02-14 14:13:56'),
(859, 287, 'Reports revenue and expenses over a period', 1, NULL, '2026-02-14 14:13:56'),
(860, 287, 'Shows company\'s net worth', 0, NULL, '2026-02-14 14:13:56'),
(861, 287, 'Lists all assets', 0, NULL, '2026-02-14 14:13:56'),
(862, 288, 'Shows inflows and outflows of cash', 1, NULL, '2026-02-14 14:13:56'),
(863, 288, 'Same as income statement', 0, NULL, '2026-02-14 14:13:56'),
(864, 288, 'Shows company\'s profit', 0, NULL, '2026-02-14 14:13:56'),
(865, 289, 'Current assets minus current liabilities', 1, NULL, '2026-02-14 14:13:56'),
(866, 289, 'Total assets minus total liabilities', 0, NULL, '2026-02-14 14:13:56'),
(867, 289, 'Cash on hand', 0, NULL, '2026-02-14 14:13:56'),
(868, 290, 'Money today is worth more than same amount in future', 1, NULL, '2026-02-14 14:13:56'),
(869, 290, 'Money value stays the same over time', 0, NULL, '2026-02-14 14:13:56'),
(870, 290, 'Money loses value due to inflation only', 0, NULL, '2026-02-14 14:13:56'),
(871, 291, 'Net Present Value: sum of future cash flows discounted', 1, NULL, '2026-02-14 14:13:56'),
(872, 291, 'Net Profit Value', 0, NULL, '2026-02-14 14:13:56'),
(873, 291, 'A type of ratio', 0, NULL, '2026-02-14 14:13:56'),
(874, 292, 'Debt is borrowed money; equity is ownership', 1, NULL, '2026-02-14 14:13:56'),
(875, 292, 'Both are the same', 0, NULL, '2026-02-14 14:13:56'),
(876, 292, 'Debt is cheaper than equity', 0, NULL, '2026-02-14 14:13:56'),
(877, 293, 'Predicting future financial outcomes', 1, NULL, '2026-02-14 14:13:56'),
(878, 293, 'Analyzing past financial data', 0, NULL, '2026-02-14 14:13:56'),
(879, 293, 'Creating financial statements', 0, NULL, '2026-02-14 14:13:56'),
(880, 294, 'Difference between budgeted and actual amounts', 1, NULL, '2026-02-14 14:13:56'),
(881, 294, 'A type of budget', 0, NULL, '2026-02-14 14:13:56'),
(882, 294, 'The total budget amount', 0, NULL, '2026-02-14 14:13:56'),
(883, 295, 'Independent examination of financial records', 1, NULL, '2026-02-14 14:13:56'),
(884, 295, 'Internal review of expenses', 0, NULL, '2026-02-14 14:13:56'),
(885, 295, 'Creating financial reports', 0, NULL, '2026-02-14 14:13:56'),
(886, 296, 'Point where total revenue equals total costs', 1, NULL, '2026-02-14 14:13:56'),
(887, 296, 'Point where profit is maximum', 0, NULL, '2026-02-14 14:13:56'),
(888, 296, 'Point where company starts making profit', 0, NULL, '2026-02-14 14:13:56'),
(889, 297, 'Direct costs attributable to production of goods sold', 1, NULL, '2026-02-14 14:13:56'),
(890, 297, 'Total operating expenses', 0, NULL, '2026-02-14 14:13:56'),
(891, 297, 'Marketing costs', 0, NULL, '2026-02-14 14:13:56'),
(892, 298, 'Using ratios to evaluate company performance', 1, NULL, '2026-02-14 14:13:56'),
(893, 298, 'Calculating percentages', 0, NULL, '2026-02-14 14:13:56'),
(894, 298, 'Comparing two companies', 0, NULL, '2026-02-14 14:13:56'),
(895, 299, 'Ability to meet short-term obligations', 1, NULL, '2026-02-14 14:13:56'),
(896, 299, 'Profitability of the company', 0, NULL, '2026-02-14 14:13:56'),
(897, 299, 'Total assets', 0, NULL, '2026-02-14 14:13:56'),
(898, 300, 'Fixed costs don’t change with output; variable costs do', 1, NULL, '2026-02-14 14:13:56'),
(899, 300, 'Both change with output', 0, NULL, '2026-02-14 14:13:56'),
(900, 300, 'Fixed costs are always higher', 0, NULL, '2026-02-14 14:13:56'),
(901, 301, 'ဆုံးဖြတ်ချက်များချရန်အတွက် ဘဏ္ဍာရေးရှင်းတမ်းများကိုအကဲဖြတ်ခြင်း', 1, NULL, '2026-02-14 14:13:56'),
(902, 301, 'ဘဏ္ဍာရေးရှင်းတမ်းများဖန်တီးခြင်း', 0, NULL, '2026-02-14 14:13:56'),
(903, 301, 'ဘဏ္ဍာရေးရှင်းတမ်းများစစ်ဆေးခြင်း', 0, NULL, '2026-02-14 14:13:56'),
(904, 302, 'Cash flow က ငွေအဝင်အထွက် အစစ်အမှန်၊ profit က စာရင်းရှင်းတွက်နည်း', 1, NULL, '2026-02-14 14:13:56'),
(905, 302, 'အတူတူပဲ', 0, NULL, '2026-02-14 14:13:56'),
(906, 302, 'Profit က cash flow အနှုတ်ကုန်ကျစရိတ်', 0, NULL, '2026-02-14 14:13:56'),
(907, 303, 'Return on Investment: (အသားတင်အမြတ် / ရင်းနှီးမြှုပ်နှံမှုကုန်ကျစရိတ်) × ၁၀၀', 1, NULL, '2026-02-14 14:13:56'),
(908, 303, 'ဝင်ငွေအနှုတ်ကုန်ကျစရိတ်', 0, NULL, '2026-02-14 14:13:56'),
(909, 303, 'စုစုပေါင်းပိုင်ဆိုင်မှုများကိုတာဝန်ခံများနှင့်စား', 0, NULL, '2026-02-14 14:13:56'),
(910, 304, 'အနာဂတ်ဝင်ငွေနှင့်ကုန်ကျစရိတ်များကိုစီမံခြင်း', 1, NULL, '2026-02-14 14:13:56'),
(911, 304, 'အတိတ်ကုန်ကျစရိတ်များကိုခြေရာခံခြင်း', 0, NULL, '2026-02-14 14:13:56'),
(912, 304, 'အခွန်များတွက်ချက်ခြင်း', 0, NULL, '2026-02-14 14:13:56'),
(913, 305, 'ငွေဖြစ်လွယ်မှု၊ အမြတ်အစွန်းရရှိမှု၊ ထိရောက်မှု၊ ကြွေးကျေနိုင်မှုအချိုးများ', 1, NULL, '2026-02-14 14:13:56'),
(914, 305, 'အမြတ်အစွန်းအချိုးများသာ', 0, NULL, '2026-02-14 14:13:56'),
(915, 305, 'ဝင်ငွေနှင့်ကုန်ကျစရိတ်အချိုးများ', 0, NULL, '2026-02-14 14:13:56'),
(916, 306, 'ပိုင်ဆိုင်မှုများ၊ တာဝန်ခံများနှင့်ရှယ်ယာများကိုပြသည့်ရှင်းတမ်း', 1, NULL, '2026-02-14 14:13:56'),
(917, 306, 'ငွေသားစီးဆင်းမှုရှင်းတမ်း', 0, NULL, '2026-02-14 14:13:56'),
(918, 306, 'ဝင်ငွေရှင်းတမ်း', 0, NULL, '2026-02-14 14:13:56'),
(919, 307, 'ကာလတစ်ခုအတွင်းဝင်ငွေနှင့်ကုန်ကျစရိတ်များကိုဖော်ပြသည်', 1, NULL, '2026-02-14 14:13:56'),
(920, 307, 'ကုမ္ပဏီ၏အသားတင်တန်ဖိုးကိုပြသည်', 0, NULL, '2026-02-14 14:13:56'),
(921, 307, 'ပိုင်ဆိုင်မှုအားလုံးစာရင်း', 0, NULL, '2026-02-14 14:13:56'),
(922, 308, 'ငွေသားဝင်ရောက်မှုနှင့်ထွက်ရှိမှုများကိုပြသည်', 1, NULL, '2026-02-14 14:13:56'),
(923, 308, 'ဝင်ငွေရှင်းတမ်းနှင့်အတူတူ', 0, NULL, '2026-02-14 14:13:56'),
(924, 308, 'ကုမ္ပဏီ၏အမြတ်ကိုပြသည်', 0, NULL, '2026-02-14 14:13:56'),
(925, 309, 'လက်ရှိပိုင်ဆိုင်မှုများအနှုတ်လက်ရှိတာဝန်ခံများ', 1, NULL, '2026-02-14 14:13:56'),
(926, 309, 'စုစုပေါင်းပိုင်ဆိုင်မှုများအနှုတ်စုစုပေါင်းတာဝန်ခံများ', 0, NULL, '2026-02-14 14:13:56'),
(927, 309, 'လက်ထဲငွေသား', 0, NULL, '2026-02-14 14:13:56'),
(928, 310, 'ယနေ့ငွေသည် အနာဂတ်တူညီငွေပမာဏထက်တန်ဖိုးပိုကြီးသည်', 1, NULL, '2026-02-14 14:13:56'),
(929, 310, 'ငွေတန်ဖိုးသည် အချိန်နှင့်အမျှအတူတူဖြစ်သည်', 0, NULL, '2026-02-14 14:13:56'),
(930, 310, 'ငွေသည် ငွေကြေးဖောင်းပွမှုကြောင့်သာတန်ဖိုးကျသည်', 0, NULL, '2026-02-14 14:13:56'),
(931, 311, 'Net Present Value: အနာဂတ်ငွေသားစီးဆင်းမှုများ၏ လက်ရှိတန်ဖိုး', 1, NULL, '2026-02-14 14:13:56'),
(932, 311, 'Net Profit Value', 0, NULL, '2026-02-14 14:13:56'),
(933, 311, 'အချိုးအမျိုးအစား', 0, NULL, '2026-02-14 14:13:56'),
(934, 312, 'အကြွေးက ချေးထားတဲ့ငွေ၊ ရှယ်ယာက ပိုင်ဆိုင်မှု', 1, NULL, '2026-02-14 14:13:56'),
(935, 312, 'နှစ်ခုလုံးအတူတူပဲ', 0, NULL, '2026-02-14 14:13:56'),
(936, 312, 'အကြွေးက ရှယ်ယာထက်စျေးသက်သာတယ်', 0, NULL, '2026-02-14 14:13:56'),
(937, 313, 'အနာဂတ်ဘဏ္ဍာရေးရလဒ်များကိုခန့်မှန်းခြင်း', 1, NULL, '2026-02-14 14:13:56'),
(938, 313, 'အတိတ်ဘဏ္ဍာရေးဒေတာကိုခွဲခြမ်းစိတ်ဖြာခြင်း', 0, NULL, '2026-02-14 14:13:56'),
(939, 313, 'ဘဏ္ဍာရေးရှင်းတမ်းများဖန်တီးခြင်း', 0, NULL, '2026-02-14 14:13:56'),
(940, 314, 'ဘတ်ဂျက်နှင့်အမှန်တကယ်ပမာဏများအကြားကွာခြားချက်', 1, NULL, '2026-02-14 14:13:56'),
(941, 314, 'ဘတ်ဂျက်အမျိုးအစား', 0, NULL, '2026-02-14 14:13:56'),
(942, 314, 'စုစုပေါင်းဘတ်ဂျက်ပမာဏ', 0, NULL, '2026-02-14 14:13:56'),
(943, 315, 'ဘဏ္ဍာရေးမှတ်တမ်းများ၏လွတ်လပ်သောစစ်ဆေးခြင်း', 1, NULL, '2026-02-14 14:13:56'),
(944, 315, 'ကုန်ကျစရိတ်များ၏အတွင်းပိုင်းသုံးသပ်ချက်', 0, NULL, '2026-02-14 14:13:56'),
(945, 315, 'ဘဏ္ဍာရေးအစီရင်ခံစာများဖန်တီးခြင်း', 0, NULL, '2026-02-14 14:13:56'),
(946, 316, 'စုစုပေါင်းဝင်ငွေနှင့်စုစုပေါင်းကုန်ကျစရိတ်တူညီသည့်အမှတ်', 1, NULL, '2026-02-14 14:13:56'),
(947, 316, 'အမြတ်အများဆုံးဖြစ်သည့်အမှတ်', 0, NULL, '2026-02-14 14:13:56'),
(948, 316, 'ကုမ္ပဏီအမြတ်စတင်ရရှိသည့်အမှတ်', 0, NULL, '2026-02-14 14:13:56'),
(949, 317, 'ရောင်းချသောကုန်ပစ္စည်းများထုတ်လုပ်မှုအတွက်တိုက်ရိုက်ကုန်ကျစရိတ်', 1, NULL, '2026-02-14 14:13:56'),
(950, 317, 'စုစုပေါင်းလည်ပတ်ကုန်ကျစရိတ်', 0, NULL, '2026-02-14 14:13:56'),
(951, 317, 'စျေးကွက်ရှာဖွေရေးကုန်ကျစရိတ်', 0, NULL, '2026-02-14 14:13:56'),
(952, 318, 'ကုမ္ပဏီစွမ်းဆောင်ရည်ကိုအကဲဖြတ်ရန် အချိုးများကိုအသုံးပြုခြင်း', 1, NULL, '2026-02-14 14:13:56'),
(953, 318, 'ရာခိုင်နှုန်းများတွက်ချက်ခြင်း', 0, NULL, '2026-02-14 14:13:56'),
(954, 318, 'ကုမ္ပဏီနှစ်ခုကိုနှိုင်းယှဉ်ခြင်း', 0, NULL, '2026-02-14 14:13:56'),
(955, 319, 'ရေတိုတာဝန်ခံများကိုကျေနိုင်စွမ်း', 1, NULL, '2026-02-14 14:13:56'),
(956, 319, 'ကုမ္ပဏီ၏အမြတ်အစွန်းရရှိမှု', 0, NULL, '2026-02-14 14:13:56'),
(957, 319, 'စုစုပေါင်းပိုင်ဆိုင်မှုများ', 0, NULL, '2026-02-14 14:13:56'),
(958, 320, 'Fixed cost က ထုတ်လုပ်မှုနှင့်မပြောင်းလဲ၊ variable cost က ပြောင်းလဲသည်', 1, NULL, '2026-02-14 14:13:56'),
(959, 320, 'နှစ်ခုလုံးထုတ်လုပ်မှုနှင့်ပြောင်းလဲသည်', 0, NULL, '2026-02-14 14:13:56'),
(960, 320, 'Fixed cost က အမြဲတမ်းပိုများသည်', 0, NULL, '2026-02-14 14:13:56');

-- --------------------------------------------------------

--
-- Table structure for table `session_answers`
--

CREATE TABLE `session_answers` (
  `id` int(11) NOT NULL,
  `session_id` int(11) DEFAULT NULL,
  `question_id` int(11) DEFAULT NULL,
  `selected_answer_id` int(11) DEFAULT NULL,
  `is_correct` tinyint(1) DEFAULT 0,
  `answered_at` timestamp NOT NULL DEFAULT current_timestamp()
) ENGINE=InnoDB DEFAULT CHARSET=utf8mb4 COLLATE=utf8mb4_general_ci;

-- --------------------------------------------------------

--
-- Table structure for table `users`
--

CREATE TABLE `users` (
  `id` int(11) NOT NULL,
  `name` varchar(100) NOT NULL,
  `email` varchar(100) NOT NULL,
  `password` varchar(255) NOT NULL,
  `phone` varchar(20) DEFAULT NULL,
  `created_at` timestamp NOT NULL DEFAULT current_timestamp()
) ENGINE=InnoDB DEFAULT CHARSET=utf8mb4 COLLATE=utf8mb4_general_ci;

--
-- Dumping data for table `users`
--

INSERT INTO `users` (`id`, `name`, `email`, `password`, `phone`, `created_at`) VALUES
(1, 'Tint Naing Htun', 'wailinnaung339@gmail.com', '96ba7d52b36b8b870c9413bdf58028dd45b54b4152934daa17c4e1aa8f697f81', '+959961582956', '2026-02-10 17:49:38'),
(2, 'Wai Lynn Naing', 'wn380994@gmail.com', '72fe35ab1dbe8bc487e2d0eae572423a272ea955f730532d51d4e7c715f81ea0', '09787782908', '2026-03-02 16:29:11'),
(3, 'Sann Shwe', 'sannshweyeehtet@gmail.com', 'cff8c0f591e8024cd673e6dc372ac199b1d060e867037181c6be9438eb543766', '09961582956', '2026-03-03 02:30:56');

--
-- Indexes for dumped tables
--

--
-- Indexes for table `interview_questions`
--
ALTER TABLE `interview_questions`
  ADD PRIMARY KEY (`id`),
  ADD KEY `position_id` (`position_id`);

--
-- Indexes for table `interview_sessions`
--
ALTER TABLE `interview_sessions`
  ADD PRIMARY KEY (`id`),
  ADD KEY `user_id` (`user_id`);

--
-- Indexes for table `positions`
--
ALTER TABLE `positions`
  ADD PRIMARY KEY (`id`),
  ADD UNIQUE KEY `name` (`name`);

--
-- Indexes for table `question_answers`
--
ALTER TABLE `question_answers`
  ADD PRIMARY KEY (`id`),
  ADD KEY `question_id` (`question_id`);

--
-- Indexes for table `session_answers`
--
ALTER TABLE `session_answers`
  ADD PRIMARY KEY (`id`),
  ADD KEY `session_id` (`session_id`),
  ADD KEY `question_id` (`question_id`),
  ADD KEY `selected_answer_id` (`selected_answer_id`);

--
-- Indexes for table `users`
--
ALTER TABLE `users`
  ADD PRIMARY KEY (`id`),
  ADD UNIQUE KEY `email` (`email`);

--
-- AUTO_INCREMENT for dumped tables
--

--
-- AUTO_INCREMENT for table `interview_questions`
--
ALTER TABLE `interview_questions`
  MODIFY `id` int(11) NOT NULL AUTO_INCREMENT, AUTO_INCREMENT=321;

--
-- AUTO_INCREMENT for table `interview_sessions`
--
ALTER TABLE `interview_sessions`
  MODIFY `id` int(11) NOT NULL AUTO_INCREMENT;

--
-- AUTO_INCREMENT for table `positions`
--
ALTER TABLE `positions`
  MODIFY `id` int(11) NOT NULL AUTO_INCREMENT, AUTO_INCREMENT=9;

--
-- AUTO_INCREMENT for table `question_answers`
--
ALTER TABLE `question_answers`
  MODIFY `id` int(11) NOT NULL AUTO_INCREMENT, AUTO_INCREMENT=961;

--
-- AUTO_INCREMENT for table `session_answers`
--
ALTER TABLE `session_answers`
  MODIFY `id` int(11) NOT NULL AUTO_INCREMENT;

--
-- AUTO_INCREMENT for table `users`
--
ALTER TABLE `users`
  MODIFY `id` int(11) NOT NULL AUTO_INCREMENT, AUTO_INCREMENT=4;

--
-- Constraints for dumped tables
--

--
-- Constraints for table `interview_questions`
--
ALTER TABLE `interview_questions`
  ADD CONSTRAINT `interview_questions_ibfk_1` FOREIGN KEY (`position_id`) REFERENCES `positions` (`id`) ON DELETE CASCADE;

--
-- Constraints for table `interview_sessions`
--
ALTER TABLE `interview_sessions`
  ADD CONSTRAINT `interview_sessions_ibfk_1` FOREIGN KEY (`user_id`) REFERENCES `users` (`id`) ON DELETE CASCADE;

--
-- Constraints for table `question_answers`
--
ALTER TABLE `question_answers`
  ADD CONSTRAINT `question_answers_ibfk_1` FOREIGN KEY (`question_id`) REFERENCES `interview_questions` (`id`) ON DELETE CASCADE;

--
-- Constraints for table `session_answers`
--
ALTER TABLE `session_answers`
  ADD CONSTRAINT `session_answers_ibfk_1` FOREIGN KEY (`session_id`) REFERENCES `interview_sessions` (`id`) ON DELETE CASCADE,
  ADD CONSTRAINT `session_answers_ibfk_2` FOREIGN KEY (`question_id`) REFERENCES `interview_questions` (`id`) ON DELETE CASCADE,
  ADD CONSTRAINT `session_answers_ibfk_3` FOREIGN KEY (`selected_answer_id`) REFERENCES `question_answers` (`id`) ON DELETE CASCADE;
COMMIT;

/*!40101 SET CHARACTER_SET_CLIENT=@OLD_CHARACTER_SET_CLIENT */;
/*!40101 SET CHARACTER_SET_RESULTS=@OLD_CHARACTER_SET_RESULTS */;
/*!40101 SET COLLATION_CONNECTION=@OLD_COLLATION_CONNECTION */;
